,datetime,delivery_date,period,period_minutes,price_portugal,price_spain,price_omie,source_file,omie_revision
0,2026-04-01 00:00:00,2026-04-01,1,15,9.17,9.17,9.17,marginalpdbc_20260401.1,1
1,2026-04-01 00:15:00,2026-04-01,2,15,7.49,7.49,7.49,marginalpdbc_20260401.1,1
2,2026-04-01 00:30:00,2026-04-01,3,15,7.06,7.06,7.06,marginalpdbc_20260401.1,1
3,2026-04-01 00:45:00,2026-04-01,4,15,5.59,5.59,5.59,marginalpdbc_20260401.1,1
4,2026-04-01 01:00:00,2026-04-01,5,15,5.41,5.41,5.41,marginalpdbc_20260401.1,1
5,2026-04-01 01:15:00,2026-04-01,6,15,5.41,5.41,5.41,marginalpdbc_20260401.1,1
6,2026-04-01 01:30:00,2026-04-01,7,15,5.41,5.41,5.41,marginalpdbc_20260401.1,1
7,2026-04-01 01:45:00,2026-04-01,8,15,4.57,4.57,4.57,marginalpdbc_20260401.1,1
8,2026-04-01 02:00:00,2026-04-01,9,15,5.41,5.41,5.41,marginalpdbc_20260401.1,1
9,2026-04-01 02:15:00,2026-04-01,10,15,5.41,5.41,5.41,marginalpdbc_20260401.1,1
10,2026-04-01 02:30:00,2026-04-01,11,15,5.41,5.41,5.41,marginalpdbc_20260401.1,1
11,2026-04-01 02:45:00,2026-04-01,12,15,5.0,5.0,5.0,marginalpdbc_20260401.1,1
12,2026-04-01 03:00:00,2026-04-01,13,15,5.41,5.41,5.41,marginalpdbc_20260401.1,1
13,2026-04-01 03:15:00,2026-04-01,14,15,5.41,5.41,5.41,marginalpdbc_20260401.1,1
14,2026-04-01 03:30:00,2026-04-01,15,15,5.41,5.41,5.41,marginalpdbc_20260401.1,1
15,2026-04-01 03:45:00,2026-04-01,16,15,5.41,5.41,5.41,marginalpdbc_20260401.1,1
16,2026-04-01 04:00:00,2026-04-01,17,15,4.96,4.96,4.96,marginalpdbc_20260401.1,1
17,2026-04-01 04:15:00,2026-04-01,18,15,4.5,4.5,4.5,marginalpdbc_20260401.1,1
18,2026-04-01 04:30:00,2026-04-01,19,15,5.41,5.41,5.41,marginalpdbc_20260401.1,1
19,2026-04-01 04:45:00,2026-04-01,20,15,4.87,4.87,4.87,marginalpdbc_20260401.1,1
20,2026-04-01 05:00:00,2026-04-01,21,15,5.41,5.41,5.41,marginalpdbc_20260401.1,1
21,2026-04-01 05:15:00,2026-04-01,22,15,5.41,5.41,5.41,marginalpdbc_20260401.1,1
22,2026-04-01 05:30:00,2026-04-01,23,15,5.41,5.41,5.41,marginalpdbc_20260401.1,1
23,2026-04-01 05:45:00,2026-04-01,24,15,5.59,5.59,5.59,marginalpdbc_20260401.1,1
24,2026-04-01 06:00:00,2026-04-01,25,15,5.41,5.41,5.41,marginalpdbc_20260401.1,1
25,2026-04-01 06:15:00,2026-04-01,26,15,6.08,6.08,6.08,marginalpdbc_20260401.1,1
26,2026-04-01 06:30:00,2026-04-01,27,15,7.39,7.39,7.39,marginalpdbc_20260401.1,1
27,2026-04-01 06:45:00,2026-04-01,28,15,9.34,9.34,9.34,marginalpdbc_20260401.1,1
28,2026-04-01 07:00:00,2026-04-01,29,15,10.54,10.54,10.54,marginalpdbc_20260401.1,1
29,2026-04-01 07:15:00,2026-04-01,30,15,13.24,13.24,13.24,marginalpdbc_20260401.1,1
30,2026-04-01 07:30:00,2026-04-01,31,15,14.0,14.0,14.0,marginalpdbc_20260401.1,1
31,2026-04-01 07:45:00,2026-04-01,32,15,14.47,14.47,14.47,marginalpdbc_20260401.1,1
32,2026-04-01 08:00:00,2026-04-01,33,15,10.08,10.08,10.08,marginalpdbc_20260401.1,1
33,2026-04-01 08:15:00,2026-04-01,34,15,9.34,9.34,9.34,marginalpdbc_20260401.1,1
34,2026-04-01 08:30:00,2026-04-01,35,15,5.41,5.41,5.41,marginalpdbc_20260401.1,1
35,2026-04-01 08:45:00,2026-04-01,36,15,2.42,2.42,2.42,marginalpdbc_20260401.1,1
36,2026-04-01 09:00:00,2026-04-01,37,15,5.41,5.41,5.41,marginalpdbc_20260401.1,1
37,2026-04-01 09:15:00,2026-04-01,38,15,1.03,1.03,1.03,marginalpdbc_20260401.1,1
38,2026-04-01 09:30:00,2026-04-01,39,15,0.0,0.0,0.0,marginalpdbc_20260401.1,1
39,2026-04-01 09:45:00,2026-04-01,40,15,-0.01,-0.01,-0.01,marginalpdbc_20260401.1,1
40,2026-04-01 10:00:00,2026-04-01,41,15,-0.31,-0.31,-0.31,marginalpdbc_20260401.1,1
41,2026-04-01 10:15:00,2026-04-01,42,15,-0.6,-0.6,-0.6,marginalpdbc_20260401.1,1
42,2026-04-01 10:30:00,2026-04-01,43,15,-0.81,-0.81,-0.81,marginalpdbc_20260401.1,1
43,2026-04-01 10:45:00,2026-04-01,44,15,-1.0,-1.0,-1.0,marginalpdbc_20260401.1,1
44,2026-04-01 11:00:00,2026-04-01,45,15,-1.81,-1.81,-1.81,marginalpdbc_20260401.1,1
45,2026-04-01 11:15:00,2026-04-01,46,15,-2.01,-2.01,-2.01,marginalpdbc_20260401.1,1
46,2026-04-01 11:30:00,2026-04-01,47,15,-2.1,-2.1,-2.1,marginalpdbc_20260401.1,1
47,2026-04-01 11:45:00,2026-04-01,48,15,-2.1,-2.1,-2.1,marginalpdbc_20260401.1,1
48,2026-04-01 12:00:00,2026-04-01,49,15,-2.1,-2.1,-2.1,marginalpdbc_20260401.1,1
49,2026-04-01 12:15:00,2026-04-01,50,15,-2.1,-2.1,-2.1,marginalpdbc_20260401.1,1
50,2026-04-01 12:30:00,2026-04-01,51,15,-2.1,-2.1,-2.1,marginalpdbc_20260401.1,1
51,2026-04-01 12:45:00,2026-04-01,52,15,-2.1,-2.1,-2.1,marginalpdbc_20260401.1,1
52,2026-04-01 13:00:00,2026-04-01,53,15,-1.68,-2.1,-2.1,marginalpdbc_20260401.1,1
53,2026-04-01 13:15:00,2026-04-01,54,15,-1.68,-2.1,-2.1,marginalpdbc_20260401.1,1
54,2026-04-01 13:30:00,2026-04-01,55,15,-1.68,-2.76,-2.76,marginalpdbc_20260401.1,1
55,2026-04-01 13:45:00,2026-04-01,56,15,-1.68,-3.01,-3.01,marginalpdbc_20260401.1,1
56,2026-04-01 14:00:00,2026-04-01,57,15,-1.51,-4.0,-4.0,marginalpdbc_20260401.1,1
57,2026-04-01 14:15:00,2026-04-01,58,15,-1.51,-3.5,-3.5,marginalpdbc_20260401.1,1
58,2026-04-01 14:30:00,2026-04-01,59,15,-1.51,-4.0,-4.0,marginalpdbc_20260401.1,1
59,2026-04-01 14:45:00,2026-04-01,60,15,-1.51,-4.0,-4.0,marginalpdbc_20260401.1,1
60,2026-04-01 15:00:00,2026-04-01,61,15,-1.51,-4.0,-4.0,marginalpdbc_20260401.1,1
61,2026-04-01 15:15:00,2026-04-01,62,15,-1.51,-4.0,-4.0,marginalpdbc_20260401.1,1
62,2026-04-01 15:30:00,2026-04-01,63,15,-1.51,-4.0,-4.0,marginalpdbc_20260401.1,1
63,2026-04-01 15:45:00,2026-04-01,64,15,-1.51,-4.0,-4.0,marginalpdbc_20260401.1,1
64,2026-04-01 16:00:00,2026-04-01,65,15,-1.51,-4.0,-4.0,marginalpdbc_20260401.1,1
65,2026-04-01 16:15:00,2026-04-01,66,15,-1.49,-4.0,-4.0,marginalpdbc_20260401.1,1
66,2026-04-01 16:30:00,2026-04-01,67,15,-1.49,-4.0,-4.0,marginalpdbc_20260401.1,1
67,2026-04-01 16:45:00,2026-04-01,68,15,-1.49,-4.0,-4.0,marginalpdbc_20260401.1,1
68,2026-04-01 17:00:00,2026-04-01,69,15,-1.51,-3.0,-3.0,marginalpdbc_20260401.1,1
69,2026-04-01 17:15:00,2026-04-01,70,15,-1.49,-2.1,-2.1,marginalpdbc_20260401.1,1
70,2026-04-01 17:30:00,2026-04-01,71,15,-1.49,-2.1,-2.1,marginalpdbc_20260401.1,1
71,2026-04-01 17:45:00,2026-04-01,72,15,-1.0,-2.1,-2.1,marginalpdbc_20260401.1,1
72,2026-04-01 18:00:00,2026-04-01,73,15,-0.82,-0.82,-0.82,marginalpdbc_20260401.1,1
73,2026-04-01 18:15:00,2026-04-01,74,15,-0.81,-0.81,-0.81,marginalpdbc_20260401.1,1
74,2026-04-01 18:30:00,2026-04-01,75,15,-0.35,-0.35,-0.35,marginalpdbc_20260401.1,1
75,2026-04-01 18:45:00,2026-04-01,76,15,-0.01,-0.01,-0.01,marginalpdbc_20260401.1,1
76,2026-04-01 19:00:00,2026-04-01,77,15,0.0,0.0,0.0,marginalpdbc_20260401.1,1
77,2026-04-01 19:15:00,2026-04-01,78,15,0.17,0.17,0.17,marginalpdbc_20260401.1,1
78,2026-04-01 19:30:00,2026-04-01,79,15,3.08,3.08,3.08,marginalpdbc_20260401.1,1
79,2026-04-01 19:45:00,2026-04-01,80,15,9.1,9.1,9.1,marginalpdbc_20260401.1,1
80,2026-04-01 20:00:00,2026-04-01,81,15,7.06,7.06,7.06,marginalpdbc_20260401.1,1
81,2026-04-01 20:15:00,2026-04-01,82,15,10.54,10.54,10.54,marginalpdbc_20260401.1,1
82,2026-04-01 20:30:00,2026-04-01,83,15,18.19,18.19,18.19,marginalpdbc_20260401.1,1
83,2026-04-01 20:45:00,2026-04-01,84,15,35.01,35.01,35.01,marginalpdbc_20260401.1,1
84,2026-04-01 21:00:00,2026-04-01,85,15,35.02,35.02,35.02,marginalpdbc_20260401.1,1
85,2026-04-01 21:15:00,2026-04-01,86,15,35.02,35.02,35.02,marginalpdbc_20260401.1,1
86,2026-04-01 21:30:00,2026-04-01,87,15,35.02,35.02,35.02,marginalpdbc_20260401.1,1
87,2026-04-01 21:45:00,2026-04-01,88,15,35.01,35.01,35.01,marginalpdbc_20260401.1,1
88,2026-04-01 22:00:00,2026-04-01,89,15,35.0,35.0,35.0,marginalpdbc_20260401.1,1
89,2026-04-01 22:15:00,2026-04-01,90,15,15.0,15.0,15.0,marginalpdbc_20260401.1,1
90,2026-04-01 22:30:00,2026-04-01,91,15,13.2,13.2,13.2,marginalpdbc_20260401.1,1
91,2026-04-01 22:45:00,2026-04-01,92,15,10.34,10.34,10.34,marginalpdbc_20260401.1,1
92,2026-04-01 23:00:00,2026-04-01,93,15,10.53,10.53,10.53,marginalpdbc_20260401.1,1
93,2026-04-01 23:15:00,2026-04-01,94,15,10.0,10.0,10.0,marginalpdbc_20260401.1,1
94,2026-04-01 23:30:00,2026-04-01,95,15,9.1,9.1,9.1,marginalpdbc_20260401.1,1
95,2026-04-01 23:45:00,2026-04-01,96,15,7.39,7.39,7.39,marginalpdbc_20260401.1,1
96,2026-04-02 00:00:00,2026-04-02,1,15,11.06,11.06,11.06,marginalpdbc_20260402.1,1
97,2026-04-02 00:15:00,2026-04-02,2,15,10.82,10.82,10.82,marginalpdbc_20260402.1,1
98,2026-04-02 00:30:00,2026-04-02,3,15,10.53,10.53,10.53,marginalpdbc_20260402.1,1
99,2026-04-02 00:45:00,2026-04-02,4,15,8.5,8.5,8.5,marginalpdbc_20260402.1,1
100,2026-04-02 01:00:00,2026-04-02,5,15,8.5,8.5,8.5,marginalpdbc_20260402.1,1
101,2026-04-02 01:15:00,2026-04-02,6,15,7.39,7.39,7.39,marginalpdbc_20260402.1,1
102,2026-04-02 01:30:00,2026-04-02,7,15,7.17,7.17,7.17,marginalpdbc_20260402.1,1
103,2026-04-02 01:45:00,2026-04-02,8,15,6.0,6.0,6.0,marginalpdbc_20260402.1,1
104,2026-04-02 02:00:00,2026-04-02,9,15,5.59,5.59,5.59,marginalpdbc_20260402.1,1
105,2026-04-02 02:15:00,2026-04-02,10,15,5.41,5.41,5.41,marginalpdbc_20260402.1,1
106,2026-04-02 02:30:00,2026-04-02,11,15,5.41,5.41,5.41,marginalpdbc_20260402.1,1
107,2026-04-02 02:45:00,2026-04-02,12,15,5.41,5.41,5.41,marginalpdbc_20260402.1,1
108,2026-04-02 03:00:00,2026-04-02,13,15,5.59,5.59,5.59,marginalpdbc_20260402.1,1
109,2026-04-02 03:15:00,2026-04-02,14,15,5.59,5.59,5.59,marginalpdbc_20260402.1,1
110,2026-04-02 03:30:00,2026-04-02,15,15,5.41,5.41,5.41,marginalpdbc_20260402.1,1
111,2026-04-02 03:45:00,2026-04-02,16,15,5.41,5.41,5.41,marginalpdbc_20260402.1,1
112,2026-04-02 04:00:00,2026-04-02,17,15,5.59,5.59,5.59,marginalpdbc_20260402.1,1
113,2026-04-02 04:15:00,2026-04-02,18,15,5.41,5.41,5.41,marginalpdbc_20260402.1,1
114,2026-04-02 04:30:00,2026-04-02,19,15,5.41,5.41,5.41,marginalpdbc_20260402.1,1
115,2026-04-02 04:45:00,2026-04-02,20,15,5.41,5.41,5.41,marginalpdbc_20260402.1,1
116,2026-04-02 05:00:00,2026-04-02,21,15,5.41,5.41,5.41,marginalpdbc_20260402.1,1
117,2026-04-02 05:15:00,2026-04-02,22,15,5.59,5.59,5.59,marginalpdbc_20260402.1,1
118,2026-04-02 05:30:00,2026-04-02,23,15,5.59,5.59,5.59,marginalpdbc_20260402.1,1
119,2026-04-02 05:45:00,2026-04-02,24,15,6.0,6.0,6.0,marginalpdbc_20260402.1,1
120,2026-04-02 06:00:00,2026-04-02,25,15,5.41,5.41,5.41,marginalpdbc_20260402.1,1
121,2026-04-02 06:15:00,2026-04-02,26,15,5.41,5.41,5.41,marginalpdbc_20260402.1,1
122,2026-04-02 06:30:00,2026-04-02,27,15,5.59,5.59,5.59,marginalpdbc_20260402.1,1
123,2026-04-02 06:45:00,2026-04-02,28,15,7.06,7.06,7.06,marginalpdbc_20260402.1,1
124,2026-04-02 07:00:00,2026-04-02,29,15,7.39,7.39,7.39,marginalpdbc_20260402.1,1
125,2026-04-02 07:15:00,2026-04-02,30,15,8.5,8.5,8.5,marginalpdbc_20260402.1,1
126,2026-04-02 07:30:00,2026-04-02,31,15,9.37,9.37,9.37,marginalpdbc_20260402.1,1
127,2026-04-02 07:45:00,2026-04-02,32,15,9.37,9.37,9.37,marginalpdbc_20260402.1,1
128,2026-04-02 08:00:00,2026-04-02,33,15,7.28,7.28,7.28,marginalpdbc_20260402.1,1
129,2026-04-02 08:15:00,2026-04-02,34,15,5.59,5.59,5.59,marginalpdbc_20260402.1,1
130,2026-04-02 08:30:00,2026-04-02,35,15,3.08,3.08,3.08,marginalpdbc_20260402.1,1
131,2026-04-02 08:45:00,2026-04-02,36,15,1.94,1.94,1.94,marginalpdbc_20260402.1,1
132,2026-04-02 09:00:00,2026-04-02,37,15,1.03,1.03,1.03,marginalpdbc_20260402.1,1
133,2026-04-02 09:15:00,2026-04-02,38,15,0.1,0.1,0.1,marginalpdbc_20260402.1,1
134,2026-04-02 09:30:00,2026-04-02,39,15,0.0,0.0,0.0,marginalpdbc_20260402.1,1
135,2026-04-02 09:45:00,2026-04-02,40,15,-0.1,-0.1,-0.1,marginalpdbc_20260402.1,1
136,2026-04-02 10:00:00,2026-04-02,41,15,-0.11,-0.52,-0.52,marginalpdbc_20260402.1,1
137,2026-04-02 10:15:00,2026-04-02,42,15,-0.11,-0.81,-0.81,marginalpdbc_20260402.1,1
138,2026-04-02 10:30:00,2026-04-02,43,15,-0.32,-0.82,-0.82,marginalpdbc_20260402.1,1
139,2026-04-02 10:45:00,2026-04-02,44,15,-0.32,-1.0,-1.0,marginalpdbc_20260402.1,1
140,2026-04-02 11:00:00,2026-04-02,45,15,-0.32,-2.0,-2.0,marginalpdbc_20260402.1,1
141,2026-04-02 11:15:00,2026-04-02,46,15,-0.32,-2.1,-2.1,marginalpdbc_20260402.1,1
142,2026-04-02 11:30:00,2026-04-02,47,15,-1.49,-2.1,-2.1,marginalpdbc_20260402.1,1
143,2026-04-02 11:45:00,2026-04-02,48,15,-1.49,-2.1,-2.1,marginalpdbc_20260402.1,1
144,2026-04-02 12:00:00,2026-04-02,49,15,-1.49,-2.1,-2.1,marginalpdbc_20260402.1,1
145,2026-04-02 12:15:00,2026-04-02,50,15,-1.49,-3.0,-3.0,marginalpdbc_20260402.1,1
146,2026-04-02 12:30:00,2026-04-02,51,15,-1.51,-3.01,-3.01,marginalpdbc_20260402.1,1
147,2026-04-02 12:45:00,2026-04-02,52,15,-1.51,-3.1,-3.1,marginalpdbc_20260402.1,1
148,2026-04-02 13:00:00,2026-04-02,53,15,-1.49,-3.1,-3.1,marginalpdbc_20260402.1,1
149,2026-04-02 13:15:00,2026-04-02,54,15,-1.49,-3.1,-3.1,marginalpdbc_20260402.1,1
150,2026-04-02 13:30:00,2026-04-02,55,15,-1.49,-3.5,-3.5,marginalpdbc_20260402.1,1
151,2026-04-02 13:45:00,2026-04-02,56,15,-1.49,-4.0,-4.0,marginalpdbc_20260402.1,1
152,2026-04-02 14:00:00,2026-04-02,57,15,-1.51,-4.0,-4.0,marginalpdbc_20260402.1,1
153,2026-04-02 14:15:00,2026-04-02,58,15,-1.51,-4.0,-4.0,marginalpdbc_20260402.1,1
154,2026-04-02 14:30:00,2026-04-02,59,15,-1.51,-4.0,-4.0,marginalpdbc_20260402.1,1
155,2026-04-02 14:45:00,2026-04-02,60,15,-1.51,-4.0,-4.0,marginalpdbc_20260402.1,1
156,2026-04-02 15:00:00,2026-04-02,61,15,-0.57,-5.0,-5.0,marginalpdbc_20260402.1,1
157,2026-04-02 15:15:00,2026-04-02,62,15,-0.57,-5.0,-5.0,marginalpdbc_20260402.1,1
158,2026-04-02 15:30:00,2026-04-02,63,15,-0.57,-5.0,-5.0,marginalpdbc_20260402.1,1
159,2026-04-02 15:45:00,2026-04-02,64,15,-0.57,-5.0,-5.0,marginalpdbc_20260402.1,1
160,2026-04-02 16:00:00,2026-04-02,65,15,-0.57,-5.0,-5.0,marginalpdbc_20260402.1,1
161,2026-04-02 16:15:00,2026-04-02,66,15,-0.32,-5.0,-5.0,marginalpdbc_20260402.1,1
162,2026-04-02 16:30:00,2026-04-02,67,15,-0.32,-5.0,-5.0,marginalpdbc_20260402.1,1
163,2026-04-02 16:45:00,2026-04-02,68,15,-0.32,-5.0,-5.0,marginalpdbc_20260402.1,1
164,2026-04-02 17:00:00,2026-04-02,69,15,-0.57,-5.0,-5.0,marginalpdbc_20260402.1,1
165,2026-04-02 17:15:00,2026-04-02,70,15,-0.57,-4.0,-4.0,marginalpdbc_20260402.1,1
166,2026-04-02 17:30:00,2026-04-02,71,15,-0.57,-4.0,-4.0,marginalpdbc_20260402.1,1
167,2026-04-02 17:45:00,2026-04-02,72,15,-0.32,-3.01,-3.01,marginalpdbc_20260402.1,1
168,2026-04-02 18:00:00,2026-04-02,73,15,-1.0,-1.0,-1.0,marginalpdbc_20260402.1,1
169,2026-04-02 18:15:00,2026-04-02,74,15,-0.82,-0.82,-0.82,marginalpdbc_20260402.1,1
170,2026-04-02 18:30:00,2026-04-02,75,15,-0.81,-0.81,-0.81,marginalpdbc_20260402.1,1
171,2026-04-02 18:45:00,2026-04-02,76,15,-0.32,-0.32,-0.32,marginalpdbc_20260402.1,1
172,2026-04-02 19:00:00,2026-04-02,77,15,-0.09,-0.09,-0.09,marginalpdbc_20260402.1,1
173,2026-04-02 19:15:00,2026-04-02,78,15,0.0,0.0,0.0,marginalpdbc_20260402.1,1
174,2026-04-02 19:30:00,2026-04-02,79,15,0.84,0.84,0.84,marginalpdbc_20260402.1,1
175,2026-04-02 19:45:00,2026-04-02,80,15,4.28,4.28,4.28,marginalpdbc_20260402.1,1
176,2026-04-02 20:00:00,2026-04-02,81,15,5.41,5.41,5.41,marginalpdbc_20260402.1,1
177,2026-04-02 20:15:00,2026-04-02,82,15,10.34,10.34,10.34,marginalpdbc_20260402.1,1
178,2026-04-02 20:30:00,2026-04-02,83,15,12.66,12.66,12.66,marginalpdbc_20260402.1,1
179,2026-04-02 20:45:00,2026-04-02,84,15,35.0,35.0,35.0,marginalpdbc_20260402.1,1
180,2026-04-02 21:00:00,2026-04-02,85,15,35.01,35.01,35.01,marginalpdbc_20260402.1,1
181,2026-04-02 21:15:00,2026-04-02,86,15,35.02,35.02,35.02,marginalpdbc_20260402.1,1
182,2026-04-02 21:30:00,2026-04-02,87,15,35.01,35.01,35.01,marginalpdbc_20260402.1,1
183,2026-04-02 21:45:00,2026-04-02,88,15,35.01,35.01,35.01,marginalpdbc_20260402.1,1
184,2026-04-02 22:00:00,2026-04-02,89,15,35.0,35.0,35.0,marginalpdbc_20260402.1,1
185,2026-04-02 22:15:00,2026-04-02,90,15,35.0,35.0,35.0,marginalpdbc_20260402.1,1
186,2026-04-02 22:30:00,2026-04-02,91,15,19.16,19.16,19.16,marginalpdbc_20260402.1,1
187,2026-04-02 22:45:00,2026-04-02,92,15,14.0,14.0,14.0,marginalpdbc_20260402.1,1
188,2026-04-02 23:00:00,2026-04-02,93,15,12.66,12.66,12.66,marginalpdbc_20260402.1,1
189,2026-04-02 23:15:00,2026-04-02,94,15,11.06,11.06,11.06,marginalpdbc_20260402.1,1
190,2026-04-02 23:30:00,2026-04-02,95,15,10.82,10.82,10.82,marginalpdbc_20260402.1,1
191,2026-04-02 23:45:00,2026-04-02,96,15,10.34,10.34,10.34,marginalpdbc_20260402.1,1
192,2026-04-03 00:00:00,2026-04-03,1,15,15.44,15.44,15.44,marginalpdbc_20260403.1,1
193,2026-04-03 00:15:00,2026-04-03,2,15,14.0,14.0,14.0,marginalpdbc_20260403.1,1
194,2026-04-03 00:30:00,2026-04-03,3,15,13.86,13.86,13.86,marginalpdbc_20260403.1,1
195,2026-04-03 00:45:00,2026-04-03,4,15,12.3,12.3,12.3,marginalpdbc_20260403.1,1
196,2026-04-03 01:00:00,2026-04-03,5,15,12.28,12.28,12.28,marginalpdbc_20260403.1,1
197,2026-04-03 01:15:00,2026-04-03,6,15,12.06,12.06,12.06,marginalpdbc_20260403.1,1
198,2026-04-03 01:30:00,2026-04-03,7,15,11.82,11.82,11.82,marginalpdbc_20260403.1,1
199,2026-04-03 01:45:00,2026-04-03,8,15,11.34,11.34,11.34,marginalpdbc_20260403.1,1
200,2026-04-03 02:00:00,2026-04-03,9,15,11.34,11.34,11.34,marginalpdbc_20260403.1,1
201,2026-04-03 02:15:00,2026-04-03,10,15,11.1,11.1,11.1,marginalpdbc_20260403.1,1
202,2026-04-03 02:30:00,2026-04-03,11,15,11.1,11.1,11.1,marginalpdbc_20260403.1,1
203,2026-04-03 02:45:00,2026-04-03,12,15,11.34,11.34,11.34,marginalpdbc_20260403.1,1
204,2026-04-03 03:00:00,2026-04-03,13,15,12.28,12.28,12.28,marginalpdbc_20260403.1,1
205,2026-04-03 03:15:00,2026-04-03,14,15,12.06,12.06,12.06,marginalpdbc_20260403.1,1
206,2026-04-03 03:30:00,2026-04-03,15,15,12.06,12.06,12.06,marginalpdbc_20260403.1,1
207,2026-04-03 03:45:00,2026-04-03,16,15,12.06,12.06,12.06,marginalpdbc_20260403.1,1
208,2026-04-03 04:00:00,2026-04-03,17,15,11.82,11.82,11.82,marginalpdbc_20260403.1,1
209,2026-04-03 04:15:00,2026-04-03,18,15,11.82,11.82,11.82,marginalpdbc_20260403.1,1
210,2026-04-03 04:30:00,2026-04-03,19,15,12.06,12.06,12.06,marginalpdbc_20260403.1,1
211,2026-04-03 04:45:00,2026-04-03,20,15,12.06,12.06,12.06,marginalpdbc_20260403.1,1
212,2026-04-03 05:00:00,2026-04-03,21,15,12.28,12.28,12.28,marginalpdbc_20260403.1,1
213,2026-04-03 05:15:00,2026-04-03,22,15,12.28,12.28,12.28,marginalpdbc_20260403.1,1
214,2026-04-03 05:30:00,2026-04-03,23,15,13.02,13.02,13.02,marginalpdbc_20260403.1,1
215,2026-04-03 05:45:00,2026-04-03,24,15,12.71,12.71,12.71,marginalpdbc_20260403.1,1
216,2026-04-03 06:00:00,2026-04-03,25,15,12.28,12.28,12.28,marginalpdbc_20260403.1,1
217,2026-04-03 06:15:00,2026-04-03,26,15,12.3,12.3,12.3,marginalpdbc_20260403.1,1
218,2026-04-03 06:30:00,2026-04-03,27,15,13.86,13.86,13.86,marginalpdbc_20260403.1,1
219,2026-04-03 06:45:00,2026-04-03,28,15,14.0,14.0,14.0,marginalpdbc_20260403.1,1
220,2026-04-03 07:00:00,2026-04-03,29,15,14.0,14.0,14.0,marginalpdbc_20260403.1,1
221,2026-04-03 07:15:00,2026-04-03,30,15,15.9,15.9,15.9,marginalpdbc_20260403.1,1
222,2026-04-03 07:30:00,2026-04-03,31,15,15.44,15.44,15.44,marginalpdbc_20260403.1,1
223,2026-04-03 07:45:00,2026-04-03,32,15,16.97,16.97,16.97,marginalpdbc_20260403.1,1
224,2026-04-03 08:00:00,2026-04-03,33,15,11.82,11.82,11.82,marginalpdbc_20260403.1,1
225,2026-04-03 08:15:00,2026-04-03,34,15,10.04,10.04,10.04,marginalpdbc_20260403.1,1
226,2026-04-03 08:30:00,2026-04-03,35,15,5.41,5.41,5.41,marginalpdbc_20260403.1,1
227,2026-04-03 08:45:00,2026-04-03,36,15,1.1,1.1,1.1,marginalpdbc_20260403.1,1
228,2026-04-03 09:00:00,2026-04-03,37,15,0.89,0.89,0.89,marginalpdbc_20260403.1,1
229,2026-04-03 09:15:00,2026-04-03,38,15,0.31,0.31,0.31,marginalpdbc_20260403.1,1
230,2026-04-03 09:30:00,2026-04-03,39,15,0.0,0.0,0.0,marginalpdbc_20260403.1,1
231,2026-04-03 09:45:00,2026-04-03,40,15,-0.5,-0.5,-0.5,marginalpdbc_20260403.1,1
232,2026-04-03 10:00:00,2026-04-03,41,15,-0.81,-0.81,-0.81,marginalpdbc_20260403.1,1
233,2026-04-03 10:15:00,2026-04-03,42,15,-0.99,-0.99,-0.99,marginalpdbc_20260403.1,1
234,2026-04-03 10:30:00,2026-04-03,43,15,-1.5,-1.5,-1.5,marginalpdbc_20260403.1,1
235,2026-04-03 10:45:00,2026-04-03,44,15,-2.06,-2.06,-2.06,marginalpdbc_20260403.1,1
236,2026-04-03 11:00:00,2026-04-03,45,15,-2.1,-2.1,-2.1,marginalpdbc_20260403.1,1
237,2026-04-03 11:15:00,2026-04-03,46,15,-2.1,-2.1,-2.1,marginalpdbc_20260403.1,1
238,2026-04-03 11:30:00,2026-04-03,47,15,-2.1,-2.1,-2.1,marginalpdbc_20260403.1,1
239,2026-04-03 11:45:00,2026-04-03,48,15,-3.0,-3.0,-3.0,marginalpdbc_20260403.1,1
240,2026-04-03 12:00:00,2026-04-03,49,15,-4.0,-4.0,-4.0,marginalpdbc_20260403.1,1
241,2026-04-03 12:15:00,2026-04-03,50,15,-4.0,-4.0,-4.0,marginalpdbc_20260403.1,1
242,2026-04-03 12:30:00,2026-04-03,51,15,-4.0,-4.0,-4.0,marginalpdbc_20260403.1,1
243,2026-04-03 12:45:00,2026-04-03,52,15,-4.0,-4.0,-4.0,marginalpdbc_20260403.1,1
244,2026-04-03 13:00:00,2026-04-03,53,15,-4.0,-4.0,-4.0,marginalpdbc_20260403.1,1
245,2026-04-03 13:15:00,2026-04-03,54,15,-4.0,-4.0,-4.0,marginalpdbc_20260403.1,1
246,2026-04-03 13:30:00,2026-04-03,55,15,-4.0,-4.0,-4.0,marginalpdbc_20260403.1,1
247,2026-04-03 13:45:00,2026-04-03,56,15,-4.0,-4.0,-4.0,marginalpdbc_20260403.1,1
248,2026-04-03 14:00:00,2026-04-03,57,15,-4.0,-4.0,-4.0,marginalpdbc_20260403.1,1
249,2026-04-03 14:15:00,2026-04-03,58,15,-4.75,-4.75,-4.75,marginalpdbc_20260403.1,1
250,2026-04-03 14:30:00,2026-04-03,59,15,-4.75,-4.75,-4.75,marginalpdbc_20260403.1,1
251,2026-04-03 14:45:00,2026-04-03,60,15,-5.0,-5.0,-5.0,marginalpdbc_20260403.1,1
252,2026-04-03 15:00:00,2026-04-03,61,15,-5.0,-5.0,-5.0,marginalpdbc_20260403.1,1
253,2026-04-03 15:15:00,2026-04-03,62,15,-5.0,-5.0,-5.0,marginalpdbc_20260403.1,1
254,2026-04-03 15:30:00,2026-04-03,63,15,-5.0,-5.0,-5.0,marginalpdbc_20260403.1,1
255,2026-04-03 15:45:00,2026-04-03,64,15,-5.0,-5.0,-5.0,marginalpdbc_20260403.1,1
256,2026-04-03 16:00:00,2026-04-03,65,15,-5.0,-5.0,-5.0,marginalpdbc_20260403.1,1
257,2026-04-03 16:15:00,2026-04-03,66,15,-5.0,-5.0,-5.0,marginalpdbc_20260403.1,1
258,2026-04-03 16:30:00,2026-04-03,67,15,-5.0,-5.0,-5.0,marginalpdbc_20260403.1,1
259,2026-04-03 16:45:00,2026-04-03,68,15,-5.0,-5.0,-5.0,marginalpdbc_20260403.1,1
260,2026-04-03 17:00:00,2026-04-03,69,15,-4.75,-4.75,-4.75,marginalpdbc_20260403.1,1
261,2026-04-03 17:15:00,2026-04-03,70,15,-4.0,-4.0,-4.0,marginalpdbc_20260403.1,1
262,2026-04-03 17:30:00,2026-04-03,71,15,-3.01,-3.01,-3.01,marginalpdbc_20260403.1,1
263,2026-04-03 17:45:00,2026-04-03,72,15,-2.1,-2.1,-2.1,marginalpdbc_20260403.1,1
264,2026-04-03 18:00:00,2026-04-03,73,15,-1.0,-1.0,-1.0,marginalpdbc_20260403.1,1
265,2026-04-03 18:15:00,2026-04-03,74,15,-0.81,-0.81,-0.81,marginalpdbc_20260403.1,1
266,2026-04-03 18:30:00,2026-04-03,75,15,-0.5,-0.5,-0.5,marginalpdbc_20260403.1,1
267,2026-04-03 18:45:00,2026-04-03,76,15,0.0,0.0,0.0,marginalpdbc_20260403.1,1
268,2026-04-03 19:00:00,2026-04-03,77,15,0.0,0.0,0.0,marginalpdbc_20260403.1,1
269,2026-04-03 19:15:00,2026-04-03,78,15,0.84,0.84,0.84,marginalpdbc_20260403.1,1
270,2026-04-03 19:30:00,2026-04-03,79,15,6.0,6.0,6.0,marginalpdbc_20260403.1,1
271,2026-04-03 19:45:00,2026-04-03,80,15,15.44,15.44,15.44,marginalpdbc_20260403.1,1
272,2026-04-03 20:00:00,2026-04-03,81,15,35.0,35.0,35.0,marginalpdbc_20260403.1,1
273,2026-04-03 20:15:00,2026-04-03,82,15,35.02,35.02,35.02,marginalpdbc_20260403.1,1
274,2026-04-03 20:30:00,2026-04-03,83,15,51.2,51.2,51.2,marginalpdbc_20260403.1,1
275,2026-04-03 20:45:00,2026-04-03,84,15,76.02,76.02,76.02,marginalpdbc_20260403.1,1
276,2026-04-03 21:00:00,2026-04-03,85,15,80.9,80.9,80.9,marginalpdbc_20260403.1,1
277,2026-04-03 21:15:00,2026-04-03,86,15,85.01,85.01,85.01,marginalpdbc_20260403.1,1
278,2026-04-03 21:30:00,2026-04-03,87,15,79.06,79.06,79.06,marginalpdbc_20260403.1,1
279,2026-04-03 21:45:00,2026-04-03,88,15,77.52,77.52,77.52,marginalpdbc_20260403.1,1
280,2026-04-03 22:00:00,2026-04-03,89,15,80.0,80.0,80.0,marginalpdbc_20260403.1,1
281,2026-04-03 22:15:00,2026-04-03,90,15,79.02,79.02,79.02,marginalpdbc_20260403.1,1
282,2026-04-03 22:30:00,2026-04-03,91,15,77.52,77.52,77.52,marginalpdbc_20260403.1,1
283,2026-04-03 22:45:00,2026-04-03,92,15,76.02,76.02,76.02,marginalpdbc_20260403.1,1
284,2026-04-03 23:00:00,2026-04-03,93,15,74.21,74.21,74.21,marginalpdbc_20260403.1,1
285,2026-04-03 23:15:00,2026-04-03,94,15,51.35,51.35,51.35,marginalpdbc_20260403.1,1
286,2026-04-03 23:30:00,2026-04-03,95,15,51.5,51.5,51.5,marginalpdbc_20260403.1,1
287,2026-04-03 23:45:00,2026-04-03,96,15,37.5,37.5,37.5,marginalpdbc_20260403.1,1
288,2026-04-04 00:00:00,2026-04-04,1,15,33.77,33.77,33.77,marginalpdbc_20260404.1,1
289,2026-04-04 00:15:00,2026-04-04,2,15,30.21,30.21,30.21,marginalpdbc_20260404.1,1
290,2026-04-04 00:30:00,2026-04-04,3,15,28.35,28.35,28.35,marginalpdbc_20260404.1,1
291,2026-04-04 00:45:00,2026-04-04,4,15,23.32,23.32,23.32,marginalpdbc_20260404.1,1
292,2026-04-04 01:00:00,2026-04-04,5,15,28.35,28.35,28.35,marginalpdbc_20260404.1,1
293,2026-04-04 01:15:00,2026-04-04,6,15,24.05,24.05,24.05,marginalpdbc_20260404.1,1
294,2026-04-04 01:30:00,2026-04-04,7,15,22.62,22.62,22.62,marginalpdbc_20260404.1,1
295,2026-04-04 01:45:00,2026-04-04,8,15,17.56,17.56,17.56,marginalpdbc_20260404.1,1
296,2026-04-04 02:00:00,2026-04-04,9,15,30.37,30.37,30.37,marginalpdbc_20260404.1,1
297,2026-04-04 02:15:00,2026-04-04,10,15,29.3,29.3,29.3,marginalpdbc_20260404.1,1
298,2026-04-04 02:30:00,2026-04-04,11,15,26.28,26.28,26.28,marginalpdbc_20260404.1,1
299,2026-04-04 02:45:00,2026-04-04,12,15,24.18,24.18,24.18,marginalpdbc_20260404.1,1
300,2026-04-04 03:00:00,2026-04-04,13,15,26.77,26.77,26.77,marginalpdbc_20260404.1,1
301,2026-04-04 03:15:00,2026-04-04,14,15,27.59,27.59,27.59,marginalpdbc_20260404.1,1
302,2026-04-04 03:30:00,2026-04-04,15,15,28.35,28.35,28.35,marginalpdbc_20260404.1,1
303,2026-04-04 03:45:00,2026-04-04,16,15,29.86,29.86,29.86,marginalpdbc_20260404.1,1
304,2026-04-04 04:00:00,2026-04-04,17,15,25.5,25.5,25.5,marginalpdbc_20260404.1,1
305,2026-04-04 04:15:00,2026-04-04,18,15,29.93,29.93,29.93,marginalpdbc_20260404.1,1
306,2026-04-04 04:30:00,2026-04-04,19,15,30.21,30.21,30.21,marginalpdbc_20260404.1,1
307,2026-04-04 04:45:00,2026-04-04,20,15,33.26,33.26,33.26,marginalpdbc_20260404.1,1
308,2026-04-04 05:00:00,2026-04-04,21,15,26.77,26.77,26.77,marginalpdbc_20260404.1,1
309,2026-04-04 05:15:00,2026-04-04,22,15,30.21,30.21,30.21,marginalpdbc_20260404.1,1
310,2026-04-04 05:30:00,2026-04-04,23,15,30.79,30.79,30.79,marginalpdbc_20260404.1,1
311,2026-04-04 05:45:00,2026-04-04,24,15,33.97,33.97,33.97,marginalpdbc_20260404.1,1
312,2026-04-04 06:00:00,2026-04-04,25,15,30.26,30.26,30.26,marginalpdbc_20260404.1,1
313,2026-04-04 06:15:00,2026-04-04,26,15,34.97,34.97,34.97,marginalpdbc_20260404.1,1
314,2026-04-04 06:30:00,2026-04-04,27,15,35.0,35.0,35.0,marginalpdbc_20260404.1,1
315,2026-04-04 06:45:00,2026-04-04,28,15,35.0,35.0,35.0,marginalpdbc_20260404.1,1
316,2026-04-04 07:00:00,2026-04-04,29,15,35.0,35.0,35.0,marginalpdbc_20260404.1,1
317,2026-04-04 07:15:00,2026-04-04,30,15,35.01,35.01,35.01,marginalpdbc_20260404.1,1
318,2026-04-04 07:30:00,2026-04-04,31,15,35.01,35.01,35.01,marginalpdbc_20260404.1,1
319,2026-04-04 07:45:00,2026-04-04,32,15,35.01,35.01,35.01,marginalpdbc_20260404.1,1
320,2026-04-04 08:00:00,2026-04-04,33,15,35.2,35.2,35.2,marginalpdbc_20260404.1,1
321,2026-04-04 08:15:00,2026-04-04,34,15,35.01,35.01,35.01,marginalpdbc_20260404.1,1
322,2026-04-04 08:30:00,2026-04-04,35,15,31.51,31.51,31.51,marginalpdbc_20260404.1,1
323,2026-04-04 08:45:00,2026-04-04,36,15,19.31,19.31,19.31,marginalpdbc_20260404.1,1
324,2026-04-04 09:00:00,2026-04-04,37,15,28.35,28.35,28.35,marginalpdbc_20260404.1,1
325,2026-04-04 09:15:00,2026-04-04,38,15,11.17,11.17,11.17,marginalpdbc_20260404.1,1
326,2026-04-04 09:30:00,2026-04-04,39,15,1.44,1.44,1.44,marginalpdbc_20260404.1,1
327,2026-04-04 09:45:00,2026-04-04,40,15,0.01,0.01,0.01,marginalpdbc_20260404.1,1
328,2026-04-04 10:00:00,2026-04-04,41,15,0.0,0.0,0.0,marginalpdbc_20260404.1,1
329,2026-04-04 10:15:00,2026-04-04,42,15,-0.23,-0.23,-0.23,marginalpdbc_20260404.1,1
330,2026-04-04 10:30:00,2026-04-04,43,15,-0.61,-0.61,-0.61,marginalpdbc_20260404.1,1
331,2026-04-04 10:45:00,2026-04-04,44,15,-0.82,-0.82,-0.82,marginalpdbc_20260404.1,1
332,2026-04-04 11:00:00,2026-04-04,45,15,-1.07,-1.07,-1.07,marginalpdbc_20260404.1,1
333,2026-04-04 11:15:00,2026-04-04,46,15,-2.0,-2.0,-2.0,marginalpdbc_20260404.1,1
334,2026-04-04 11:30:00,2026-04-04,47,15,-2.01,-2.01,-2.01,marginalpdbc_20260404.1,1
335,2026-04-04 11:45:00,2026-04-04,48,15,-2.02,-2.02,-2.02,marginalpdbc_20260404.1,1
336,2026-04-04 12:00:00,2026-04-04,49,15,-2.1,-2.1,-2.1,marginalpdbc_20260404.1,1
337,2026-04-04 12:15:00,2026-04-04,50,15,-2.1,-2.1,-2.1,marginalpdbc_20260404.1,1
338,2026-04-04 12:30:00,2026-04-04,51,15,-2.1,-2.1,-2.1,marginalpdbc_20260404.1,1
339,2026-04-04 12:45:00,2026-04-04,52,15,-2.1,-2.1,-2.1,marginalpdbc_20260404.1,1
340,2026-04-04 13:00:00,2026-04-04,53,15,-2.1,-2.1,-2.1,marginalpdbc_20260404.1,1
341,2026-04-04 13:15:00,2026-04-04,54,15,-2.1,-2.1,-2.1,marginalpdbc_20260404.1,1
342,2026-04-04 13:30:00,2026-04-04,55,15,-2.1,-2.1,-2.1,marginalpdbc_20260404.1,1
343,2026-04-04 13:45:00,2026-04-04,56,15,-2.1,-2.1,-2.1,marginalpdbc_20260404.1,1
344,2026-04-04 14:00:00,2026-04-04,57,15,-2.1,-2.1,-2.1,marginalpdbc_20260404.1,1
345,2026-04-04 14:15:00,2026-04-04,58,15,-2.1,-2.1,-2.1,marginalpdbc_20260404.1,1
346,2026-04-04 14:30:00,2026-04-04,59,15,-2.1,-2.1,-2.1,marginalpdbc_20260404.1,1
347,2026-04-04 14:45:00,2026-04-04,60,15,-2.1,-2.1,-2.1,marginalpdbc_20260404.1,1
348,2026-04-04 15:00:00,2026-04-04,61,15,-2.1,-2.1,-2.1,marginalpdbc_20260404.1,1
349,2026-04-04 15:15:00,2026-04-04,62,15,-2.1,-2.1,-2.1,marginalpdbc_20260404.1,1
350,2026-04-04 15:30:00,2026-04-04,63,15,-2.1,-2.1,-2.1,marginalpdbc_20260404.1,1
351,2026-04-04 15:45:00,2026-04-04,64,15,-2.1,-2.1,-2.1,marginalpdbc_20260404.1,1
352,2026-04-04 16:00:00,2026-04-04,65,15,-3.01,-3.01,-3.01,marginalpdbc_20260404.1,1
353,2026-04-04 16:15:00,2026-04-04,66,15,-2.8,-2.8,-2.8,marginalpdbc_20260404.1,1
354,2026-04-04 16:30:00,2026-04-04,67,15,-2.1,-2.1,-2.1,marginalpdbc_20260404.1,1
355,2026-04-04 16:45:00,2026-04-04,68,15,-2.1,-2.1,-2.1,marginalpdbc_20260404.1,1
356,2026-04-04 17:00:00,2026-04-04,69,15,-1.5,-1.5,-1.5,marginalpdbc_20260404.1,1
357,2026-04-04 17:15:00,2026-04-04,70,15,-1.0,-1.0,-1.0,marginalpdbc_20260404.1,1
358,2026-04-04 17:30:00,2026-04-04,71,15,-1.0,-1.0,-1.0,marginalpdbc_20260404.1,1
359,2026-04-04 17:45:00,2026-04-04,72,15,-0.61,-0.61,-0.61,marginalpdbc_20260404.1,1
360,2026-04-04 18:00:00,2026-04-04,73,15,-0.23,-0.23,-0.23,marginalpdbc_20260404.1,1
361,2026-04-04 18:15:00,2026-04-04,74,15,-0.02,-0.02,-0.02,marginalpdbc_20260404.1,1
362,2026-04-04 18:30:00,2026-04-04,75,15,0.0,0.0,0.0,marginalpdbc_20260404.1,1
363,2026-04-04 18:45:00,2026-04-04,76,15,1.52,1.52,1.52,marginalpdbc_20260404.1,1
364,2026-04-04 19:00:00,2026-04-04,77,15,4.77,4.77,4.77,marginalpdbc_20260404.1,1
365,2026-04-04 19:15:00,2026-04-04,78,15,17.77,17.77,17.77,marginalpdbc_20260404.1,1
366,2026-04-04 19:30:00,2026-04-04,79,15,34.49,34.49,34.49,marginalpdbc_20260404.1,1
367,2026-04-04 19:45:00,2026-04-04,80,15,38.03,38.03,38.03,marginalpdbc_20260404.1,1
368,2026-04-04 20:00:00,2026-04-04,81,15,35.01,35.01,35.01,marginalpdbc_20260404.1,1
369,2026-04-04 20:15:00,2026-04-04,82,15,36.0,36.0,36.0,marginalpdbc_20260404.1,1
370,2026-04-04 20:30:00,2026-04-04,83,15,44.05,44.05,44.05,marginalpdbc_20260404.1,1
371,2026-04-04 20:45:00,2026-04-04,84,15,51.77,51.77,51.77,marginalpdbc_20260404.1,1
372,2026-04-04 21:00:00,2026-04-04,85,15,75.47,75.47,75.47,marginalpdbc_20260404.1,1
373,2026-04-04 21:15:00,2026-04-04,86,15,79.02,79.02,79.02,marginalpdbc_20260404.1,1
374,2026-04-04 21:30:00,2026-04-04,87,15,77.52,77.52,77.52,marginalpdbc_20260404.1,1
375,2026-04-04 21:45:00,2026-04-04,88,15,76.02,76.02,76.02,marginalpdbc_20260404.1,1
376,2026-04-04 22:00:00,2026-04-04,89,15,74.52,74.52,74.52,marginalpdbc_20260404.1,1
377,2026-04-04 22:15:00,2026-04-04,90,15,60.02,60.02,60.02,marginalpdbc_20260404.1,1
378,2026-04-04 22:30:00,2026-04-04,91,15,55.38,55.38,55.38,marginalpdbc_20260404.1,1
379,2026-04-04 22:45:00,2026-04-04,92,15,51.05,51.05,51.05,marginalpdbc_20260404.1,1
380,2026-04-04 23:00:00,2026-04-04,93,15,51.5,51.5,51.5,marginalpdbc_20260404.1,1
381,2026-04-04 23:15:00,2026-04-04,94,15,47.42,47.42,47.42,marginalpdbc_20260404.1,1
382,2026-04-04 23:30:00,2026-04-04,95,15,37.89,37.89,37.89,marginalpdbc_20260404.1,1
383,2026-04-04 23:45:00,2026-04-04,96,15,35.21,35.21,35.21,marginalpdbc_20260404.1,1
384,2026-04-05 00:00:00,2026-04-05,1,15,51.05,51.05,51.05,marginalpdbc_20260405.1,1
385,2026-04-05 00:15:00,2026-04-05,2,15,50.0,50.0,50.0,marginalpdbc_20260405.1,1
386,2026-04-05 00:30:00,2026-04-05,3,15,41.79,41.79,41.79,marginalpdbc_20260405.1,1
387,2026-04-05 00:45:00,2026-04-05,4,15,37.0,37.0,37.0,marginalpdbc_20260405.1,1
388,2026-04-05 01:00:00,2026-04-05,5,15,35.02,35.02,35.02,marginalpdbc_20260405.1,1
389,2026-04-05 01:15:00,2026-04-05,6,15,35.02,35.02,35.02,marginalpdbc_20260405.1,1
390,2026-04-05 01:30:00,2026-04-05,7,15,35.01,35.01,35.01,marginalpdbc_20260405.1,1
391,2026-04-05 01:45:00,2026-04-05,8,15,35.01,35.01,35.01,marginalpdbc_20260405.1,1
392,2026-04-05 02:00:00,2026-04-05,9,15,35.01,35.01,35.01,marginalpdbc_20260405.1,1
393,2026-04-05 02:15:00,2026-04-05,10,15,35.01,35.01,35.01,marginalpdbc_20260405.1,1
394,2026-04-05 02:30:00,2026-04-05,11,15,35.0,35.0,35.0,marginalpdbc_20260405.1,1
395,2026-04-05 02:45:00,2026-04-05,12,15,35.0,35.0,35.0,marginalpdbc_20260405.1,1
396,2026-04-05 03:00:00,2026-04-05,13,15,35.01,35.01,35.01,marginalpdbc_20260405.1,1
397,2026-04-05 03:15:00,2026-04-05,14,15,35.01,35.01,35.01,marginalpdbc_20260405.1,1
398,2026-04-05 03:30:00,2026-04-05,15,15,35.01,35.01,35.01,marginalpdbc_20260405.1,1
399,2026-04-05 03:45:00,2026-04-05,16,15,35.0,35.0,35.0,marginalpdbc_20260405.1,1
400,2026-04-05 04:00:00,2026-04-05,17,15,35.0,35.0,35.0,marginalpdbc_20260405.1,1
401,2026-04-05 04:15:00,2026-04-05,18,15,35.0,35.0,35.0,marginalpdbc_20260405.1,1
402,2026-04-05 04:30:00,2026-04-05,19,15,35.0,35.0,35.0,marginalpdbc_20260405.1,1
403,2026-04-05 04:45:00,2026-04-05,20,15,35.0,35.0,35.0,marginalpdbc_20260405.1,1
404,2026-04-05 05:00:00,2026-04-05,21,15,35.0,35.0,35.0,marginalpdbc_20260405.1,1
405,2026-04-05 05:15:00,2026-04-05,22,15,35.0,35.0,35.0,marginalpdbc_20260405.1,1
406,2026-04-05 05:30:00,2026-04-05,23,15,35.0,35.0,35.0,marginalpdbc_20260405.1,1
407,2026-04-05 05:45:00,2026-04-05,24,15,35.0,35.0,35.0,marginalpdbc_20260405.1,1
408,2026-04-05 06:00:00,2026-04-05,25,15,35.0,35.0,35.0,marginalpdbc_20260405.1,1
409,2026-04-05 06:15:00,2026-04-05,26,15,35.0,35.0,35.0,marginalpdbc_20260405.1,1
410,2026-04-05 06:30:00,2026-04-05,27,15,35.01,35.01,35.01,marginalpdbc_20260405.1,1
411,2026-04-05 06:45:00,2026-04-05,28,15,35.01,35.01,35.01,marginalpdbc_20260405.1,1
412,2026-04-05 07:00:00,2026-04-05,29,15,35.01,35.01,35.01,marginalpdbc_20260405.1,1
413,2026-04-05 07:15:00,2026-04-05,30,15,35.01,35.01,35.01,marginalpdbc_20260405.1,1
414,2026-04-05 07:30:00,2026-04-05,31,15,35.01,35.01,35.01,marginalpdbc_20260405.1,1
415,2026-04-05 07:45:00,2026-04-05,32,15,35.01,35.01,35.01,marginalpdbc_20260405.1,1
416,2026-04-05 08:00:00,2026-04-05,33,15,35.02,35.02,35.02,marginalpdbc_20260405.1,1
417,2026-04-05 08:15:00,2026-04-05,34,15,35.0,35.0,35.0,marginalpdbc_20260405.1,1
418,2026-04-05 08:30:00,2026-04-05,35,15,31.7,31.7,31.7,marginalpdbc_20260405.1,1
419,2026-04-05 08:45:00,2026-04-05,36,15,18.0,18.0,18.0,marginalpdbc_20260405.1,1
420,2026-04-05 09:00:00,2026-04-05,37,15,7.28,7.28,7.28,marginalpdbc_20260405.1,1
421,2026-04-05 09:15:00,2026-04-05,38,15,0.84,0.84,0.84,marginalpdbc_20260405.1,1
422,2026-04-05 09:30:00,2026-04-05,39,15,-0.01,-0.01,-0.01,marginalpdbc_20260405.1,1
423,2026-04-05 09:45:00,2026-04-05,40,15,-0.81,-0.81,-0.81,marginalpdbc_20260405.1,1
424,2026-04-05 10:00:00,2026-04-05,41,15,-1.0,-1.0,-1.0,marginalpdbc_20260405.1,1
425,2026-04-05 10:15:00,2026-04-05,42,15,-2.01,-2.01,-2.01,marginalpdbc_20260405.1,1
426,2026-04-05 10:30:00,2026-04-05,43,15,-2.1,-2.1,-2.1,marginalpdbc_20260405.1,1
427,2026-04-05 10:45:00,2026-04-05,44,15,-2.1,-2.1,-2.1,marginalpdbc_20260405.1,1
428,2026-04-05 11:00:00,2026-04-05,45,15,-2.1,-2.1,-2.1,marginalpdbc_20260405.1,1
429,2026-04-05 11:15:00,2026-04-05,46,15,-3.01,-3.01,-3.01,marginalpdbc_20260405.1,1
430,2026-04-05 11:30:00,2026-04-05,47,15,-4.0,-4.0,-4.0,marginalpdbc_20260405.1,1
431,2026-04-05 11:45:00,2026-04-05,48,15,-5.0,-5.0,-5.0,marginalpdbc_20260405.1,1
432,2026-04-05 12:00:00,2026-04-05,49,15,-5.23,-5.23,-5.23,marginalpdbc_20260405.1,1
433,2026-04-05 12:15:00,2026-04-05,50,15,-5.68,-5.68,-5.68,marginalpdbc_20260405.1,1
434,2026-04-05 12:30:00,2026-04-05,51,15,-6.0,-6.0,-6.0,marginalpdbc_20260405.1,1
435,2026-04-05 12:45:00,2026-04-05,52,15,-6.0,-6.0,-6.0,marginalpdbc_20260405.1,1
436,2026-04-05 13:00:00,2026-04-05,53,15,-5.23,-5.23,-5.23,marginalpdbc_20260405.1,1
437,2026-04-05 13:15:00,2026-04-05,54,15,-5.23,-5.23,-5.23,marginalpdbc_20260405.1,1
438,2026-04-05 13:30:00,2026-04-05,55,15,-6.0,-6.0,-6.0,marginalpdbc_20260405.1,1
439,2026-04-05 13:45:00,2026-04-05,56,15,-6.0,-6.0,-6.0,marginalpdbc_20260405.1,1
440,2026-04-05 14:00:00,2026-04-05,57,15,-6.0,-6.0,-6.0,marginalpdbc_20260405.1,1
441,2026-04-05 14:15:00,2026-04-05,58,15,-6.0,-6.0,-6.0,marginalpdbc_20260405.1,1
442,2026-04-05 14:30:00,2026-04-05,59,15,-6.0,-6.0,-6.0,marginalpdbc_20260405.1,1
443,2026-04-05 14:45:00,2026-04-05,60,15,-7.0,-7.0,-7.0,marginalpdbc_20260405.1,1
444,2026-04-05 15:00:00,2026-04-05,61,15,-7.51,-7.51,-7.51,marginalpdbc_20260405.1,1
445,2026-04-05 15:15:00,2026-04-05,62,15,-7.51,-7.51,-7.51,marginalpdbc_20260405.1,1
446,2026-04-05 15:30:00,2026-04-05,63,15,-7.51,-7.51,-7.51,marginalpdbc_20260405.1,1
447,2026-04-05 15:45:00,2026-04-05,64,15,-7.51,-7.51,-7.51,marginalpdbc_20260405.1,1
448,2026-04-05 16:00:00,2026-04-05,65,15,-7.51,-7.51,-7.51,marginalpdbc_20260405.1,1
449,2026-04-05 16:15:00,2026-04-05,66,15,-7.51,-7.51,-7.51,marginalpdbc_20260405.1,1
450,2026-04-05 16:30:00,2026-04-05,67,15,-7.51,-7.51,-7.51,marginalpdbc_20260405.1,1
451,2026-04-05 16:45:00,2026-04-05,68,15,-7.51,-7.51,-7.51,marginalpdbc_20260405.1,1
452,2026-04-05 17:00:00,2026-04-05,69,15,-6.13,-6.13,-6.13,marginalpdbc_20260405.1,1
453,2026-04-05 17:15:00,2026-04-05,70,15,-5.98,-5.98,-5.98,marginalpdbc_20260405.1,1
454,2026-04-05 17:30:00,2026-04-05,71,15,-3.0,-3.0,-3.0,marginalpdbc_20260405.1,1
455,2026-04-05 17:45:00,2026-04-05,72,15,-2.1,-2.1,-2.1,marginalpdbc_20260405.1,1
456,2026-04-05 18:00:00,2026-04-05,73,15,-1.75,-1.75,-1.75,marginalpdbc_20260405.1,1
457,2026-04-05 18:15:00,2026-04-05,74,15,-0.81,-0.81,-0.81,marginalpdbc_20260405.1,1
458,2026-04-05 18:30:00,2026-04-05,75,15,-0.23,-0.23,-0.23,marginalpdbc_20260405.1,1
459,2026-04-05 18:45:00,2026-04-05,76,15,0.0,0.0,0.0,marginalpdbc_20260405.1,1
460,2026-04-05 19:00:00,2026-04-05,77,15,0.2,0.2,0.2,marginalpdbc_20260405.1,1
461,2026-04-05 19:15:00,2026-04-05,78,15,5.41,5.41,5.41,marginalpdbc_20260405.1,1
462,2026-04-05 19:30:00,2026-04-05,79,15,18.7,18.7,18.7,marginalpdbc_20260405.1,1
463,2026-04-05 19:45:00,2026-04-05,80,15,35.01,35.01,35.01,marginalpdbc_20260405.1,1
464,2026-04-05 20:00:00,2026-04-05,81,15,36.5,36.5,36.5,marginalpdbc_20260405.1,1
465,2026-04-05 20:15:00,2026-04-05,82,15,51.5,51.5,51.5,marginalpdbc_20260405.1,1
466,2026-04-05 20:30:00,2026-04-05,83,15,55.65,55.65,55.65,marginalpdbc_20260405.1,1
467,2026-04-05 20:45:00,2026-04-05,84,15,74.52,74.52,74.52,marginalpdbc_20260405.1,1
468,2026-04-05 21:00:00,2026-04-05,85,15,77.52,77.52,77.52,marginalpdbc_20260405.1,1
469,2026-04-05 21:15:00,2026-04-05,86,15,79.02,79.02,79.02,marginalpdbc_20260405.1,1
470,2026-04-05 21:30:00,2026-04-05,87,15,76.02,76.02,76.02,marginalpdbc_20260405.1,1
471,2026-04-05 21:45:00,2026-04-05,88,15,69.0,69.0,69.0,marginalpdbc_20260405.1,1
472,2026-04-05 22:00:00,2026-04-05,89,15,78.88,78.88,78.88,marginalpdbc_20260405.1,1
473,2026-04-05 22:15:00,2026-04-05,90,15,76.0,76.0,76.0,marginalpdbc_20260405.1,1
474,2026-04-05 22:30:00,2026-04-05,91,15,78.32,78.32,78.32,marginalpdbc_20260405.1,1
475,2026-04-05 22:45:00,2026-04-05,92,15,70.43,70.43,70.43,marginalpdbc_20260405.1,1
476,2026-04-05 23:00:00,2026-04-05,93,15,72.32,72.32,72.32,marginalpdbc_20260405.1,1
477,2026-04-05 23:15:00,2026-04-05,94,15,57.11,57.11,57.11,marginalpdbc_20260405.1,1
478,2026-04-05 23:30:00,2026-04-05,95,15,51.6,51.6,51.6,marginalpdbc_20260405.1,1
479,2026-04-05 23:45:00,2026-04-05,96,15,43.06,43.06,43.06,marginalpdbc_20260405.1,1
480,2026-04-06 00:00:00,2026-04-06,1,15,54.4,54.4,54.4,marginalpdbc_20260406.1,1
481,2026-04-06 00:15:00,2026-04-06,2,15,50.9,50.9,50.9,marginalpdbc_20260406.1,1
482,2026-04-06 00:30:00,2026-04-06,3,15,39.49,39.49,39.49,marginalpdbc_20260406.1,1
483,2026-04-06 00:45:00,2026-04-06,4,15,36.44,36.44,36.44,marginalpdbc_20260406.1,1
484,2026-04-06 01:00:00,2026-04-06,5,15,41.79,41.79,41.79,marginalpdbc_20260406.1,1
485,2026-04-06 01:15:00,2026-04-06,6,15,40.93,40.93,40.93,marginalpdbc_20260406.1,1
486,2026-04-06 01:30:00,2026-04-06,7,15,36.44,36.44,36.44,marginalpdbc_20260406.1,1
487,2026-04-06 01:45:00,2026-04-06,8,15,35.01,35.01,35.01,marginalpdbc_20260406.1,1
488,2026-04-06 02:00:00,2026-04-06,9,15,37.2,37.2,37.2,marginalpdbc_20260406.1,1
489,2026-04-06 02:15:00,2026-04-06,10,15,35.02,35.02,35.02,marginalpdbc_20260406.1,1
490,2026-04-06 02:30:00,2026-04-06,11,15,35.01,35.01,35.01,marginalpdbc_20260406.1,1
491,2026-04-06 02:45:00,2026-04-06,12,15,35.01,35.01,35.01,marginalpdbc_20260406.1,1
492,2026-04-06 03:00:00,2026-04-06,13,15,35.0,35.0,35.0,marginalpdbc_20260406.1,1
493,2026-04-06 03:15:00,2026-04-06,14,15,35.0,35.0,35.0,marginalpdbc_20260406.1,1
494,2026-04-06 03:30:00,2026-04-06,15,15,34.86,34.86,34.86,marginalpdbc_20260406.1,1
495,2026-04-06 03:45:00,2026-04-06,16,15,34.86,34.86,34.86,marginalpdbc_20260406.1,1
496,2026-04-06 04:00:00,2026-04-06,17,15,33.28,33.28,33.28,marginalpdbc_20260406.1,1
497,2026-04-06 04:15:00,2026-04-06,18,15,33.5,33.5,33.5,marginalpdbc_20260406.1,1
498,2026-04-06 04:30:00,2026-04-06,19,15,33.74,33.74,33.74,marginalpdbc_20260406.1,1
499,2026-04-06 04:45:00,2026-04-06,20,15,35.0,35.0,35.0,marginalpdbc_20260406.1,1
500,2026-04-06 05:00:00,2026-04-06,21,15,33.7,33.7,33.7,marginalpdbc_20260406.1,1
501,2026-04-06 05:15:00,2026-04-06,22,15,34.18,34.18,34.18,marginalpdbc_20260406.1,1
502,2026-04-06 05:30:00,2026-04-06,23,15,35.0,35.0,35.0,marginalpdbc_20260406.1,1
503,2026-04-06 05:45:00,2026-04-06,24,15,35.01,35.01,35.01,marginalpdbc_20260406.1,1
504,2026-04-06 06:00:00,2026-04-06,25,15,35.0,35.0,35.0,marginalpdbc_20260406.1,1
505,2026-04-06 06:15:00,2026-04-06,26,15,35.01,35.01,35.01,marginalpdbc_20260406.1,1
506,2026-04-06 06:30:00,2026-04-06,27,15,35.01,35.01,35.01,marginalpdbc_20260406.1,1
507,2026-04-06 06:45:00,2026-04-06,28,15,35.02,35.02,35.02,marginalpdbc_20260406.1,1
508,2026-04-06 07:00:00,2026-04-06,29,15,35.02,35.02,35.02,marginalpdbc_20260406.1,1
509,2026-04-06 07:15:00,2026-04-06,30,15,35.01,35.01,35.01,marginalpdbc_20260406.1,1
510,2026-04-06 07:30:00,2026-04-06,31,15,35.03,35.03,35.03,marginalpdbc_20260406.1,1
511,2026-04-06 07:45:00,2026-04-06,32,15,35.01,35.01,35.01,marginalpdbc_20260406.1,1
512,2026-04-06 08:00:00,2026-04-06,33,15,39.06,39.06,39.06,marginalpdbc_20260406.1,1
513,2026-04-06 08:15:00,2026-04-06,34,15,35.0,35.0,35.0,marginalpdbc_20260406.1,1
514,2026-04-06 08:30:00,2026-04-06,35,15,31.7,31.7,31.7,marginalpdbc_20260406.1,1
515,2026-04-06 08:45:00,2026-04-06,36,15,8.78,8.78,8.78,marginalpdbc_20260406.1,1
516,2026-04-06 09:00:00,2026-04-06,37,15,16.37,16.37,16.37,marginalpdbc_20260406.1,1
517,2026-04-06 09:15:00,2026-04-06,38,15,6.74,6.74,6.74,marginalpdbc_20260406.1,1
518,2026-04-06 09:30:00,2026-04-06,39,15,0.47,0.47,0.47,marginalpdbc_20260406.1,1
519,2026-04-06 09:45:00,2026-04-06,40,15,-0.5,-0.5,-0.5,marginalpdbc_20260406.1,1
520,2026-04-06 10:00:00,2026-04-06,41,15,-0.81,-0.81,-0.81,marginalpdbc_20260406.1,1
521,2026-04-06 10:15:00,2026-04-06,42,15,-1.81,-1.81,-1.81,marginalpdbc_20260406.1,1
522,2026-04-06 10:30:00,2026-04-06,43,15,-2.1,-2.1,-2.1,marginalpdbc_20260406.1,1
523,2026-04-06 10:45:00,2026-04-06,44,15,-2.1,-2.1,-2.1,marginalpdbc_20260406.1,1
524,2026-04-06 11:00:00,2026-04-06,45,15,-3.0,-3.0,-3.0,marginalpdbc_20260406.1,1
525,2026-04-06 11:15:00,2026-04-06,46,15,-4.0,-4.0,-4.0,marginalpdbc_20260406.1,1
526,2026-04-06 11:30:00,2026-04-06,47,15,-5.0,-5.0,-5.0,marginalpdbc_20260406.1,1
527,2026-04-06 11:45:00,2026-04-06,48,15,-5.0,-5.0,-5.0,marginalpdbc_20260406.1,1
528,2026-04-06 12:00:00,2026-04-06,49,15,-6.0,-6.0,-6.0,marginalpdbc_20260406.1,1
529,2026-04-06 12:15:00,2026-04-06,50,15,-6.0,-6.0,-6.0,marginalpdbc_20260406.1,1
530,2026-04-06 12:30:00,2026-04-06,51,15,-6.0,-6.0,-6.0,marginalpdbc_20260406.1,1
531,2026-04-06 12:45:00,2026-04-06,52,15,-6.0,-6.0,-6.0,marginalpdbc_20260406.1,1
532,2026-04-06 13:00:00,2026-04-06,53,15,-6.0,-6.0,-6.0,marginalpdbc_20260406.1,1
533,2026-04-06 13:15:00,2026-04-06,54,15,-6.0,-6.0,-6.0,marginalpdbc_20260406.1,1
534,2026-04-06 13:30:00,2026-04-06,55,15,-6.0,-6.0,-6.0,marginalpdbc_20260406.1,1
535,2026-04-06 13:45:00,2026-04-06,56,15,-6.0,-6.0,-6.0,marginalpdbc_20260406.1,1
536,2026-04-06 14:00:00,2026-04-06,57,15,-6.0,-6.0,-6.0,marginalpdbc_20260406.1,1
537,2026-04-06 14:15:00,2026-04-06,58,15,-6.0,-6.0,-6.0,marginalpdbc_20260406.1,1
538,2026-04-06 14:30:00,2026-04-06,59,15,-6.0,-6.0,-6.0,marginalpdbc_20260406.1,1
539,2026-04-06 14:45:00,2026-04-06,60,15,-6.0,-6.0,-6.0,marginalpdbc_20260406.1,1
540,2026-04-06 15:00:00,2026-04-06,61,15,-6.0,-6.0,-6.0,marginalpdbc_20260406.1,1
541,2026-04-06 15:15:00,2026-04-06,62,15,-6.0,-6.0,-6.0,marginalpdbc_20260406.1,1
542,2026-04-06 15:30:00,2026-04-06,63,15,-6.0,-6.0,-6.0,marginalpdbc_20260406.1,1
543,2026-04-06 15:45:00,2026-04-06,64,15,-6.0,-6.0,-6.0,marginalpdbc_20260406.1,1
544,2026-04-06 16:00:00,2026-04-06,65,15,-6.0,-6.0,-6.0,marginalpdbc_20260406.1,1
545,2026-04-06 16:15:00,2026-04-06,66,15,-6.0,-6.0,-6.0,marginalpdbc_20260406.1,1
546,2026-04-06 16:30:00,2026-04-06,67,15,-6.0,-6.0,-6.0,marginalpdbc_20260406.1,1
547,2026-04-06 16:45:00,2026-04-06,68,15,-5.0,-5.0,-5.0,marginalpdbc_20260406.1,1
548,2026-04-06 17:00:00,2026-04-06,69,15,-5.23,-5.23,-5.23,marginalpdbc_20260406.1,1
549,2026-04-06 17:15:00,2026-04-06,70,15,-2.7,-2.7,-2.7,marginalpdbc_20260406.1,1
550,2026-04-06 17:30:00,2026-04-06,71,15,-2.0,-2.0,-2.0,marginalpdbc_20260406.1,1
551,2026-04-06 17:45:00,2026-04-06,72,15,-0.99,-0.99,-0.99,marginalpdbc_20260406.1,1
552,2026-04-06 18:00:00,2026-04-06,73,15,-0.08,-0.08,-0.08,marginalpdbc_20260406.1,1
553,2026-04-06 18:15:00,2026-04-06,74,15,0.0,0.0,0.0,marginalpdbc_20260406.1,1
554,2026-04-06 18:30:00,2026-04-06,75,15,0.01,0.01,0.01,marginalpdbc_20260406.1,1
555,2026-04-06 18:45:00,2026-04-06,76,15,1.0,1.0,1.0,marginalpdbc_20260406.1,1
556,2026-04-06 19:00:00,2026-04-06,77,15,3.08,3.08,3.08,marginalpdbc_20260406.1,1
557,2026-04-06 19:15:00,2026-04-06,78,15,8.01,8.01,8.01,marginalpdbc_20260406.1,1
558,2026-04-06 19:30:00,2026-04-06,79,15,32.06,32.06,32.06,marginalpdbc_20260406.1,1
559,2026-04-06 19:45:00,2026-04-06,80,15,35.01,35.01,35.01,marginalpdbc_20260406.1,1
560,2026-04-06 20:00:00,2026-04-06,81,15,35.0,35.0,35.0,marginalpdbc_20260406.1,1
561,2026-04-06 20:15:00,2026-04-06,82,15,35.02,35.02,35.02,marginalpdbc_20260406.1,1
562,2026-04-06 20:30:00,2026-04-06,83,15,41.79,41.79,41.79,marginalpdbc_20260406.1,1
563,2026-04-06 20:45:00,2026-04-06,84,15,49.14,49.14,49.14,marginalpdbc_20260406.1,1
564,2026-04-06 21:00:00,2026-04-06,85,15,49.05,49.97,49.97,marginalpdbc_20260406.1,1
565,2026-04-06 21:15:00,2026-04-06,86,15,49.99,49.99,49.99,marginalpdbc_20260406.1,1
566,2026-04-06 21:30:00,2026-04-06,87,15,43.63,43.63,43.63,marginalpdbc_20260406.1,1
567,2026-04-06 21:45:00,2026-04-06,88,15,36.44,36.44,36.44,marginalpdbc_20260406.1,1
568,2026-04-06 22:00:00,2026-04-06,89,15,40.93,40.93,40.93,marginalpdbc_20260406.1,1
569,2026-04-06 22:15:00,2026-04-06,90,15,35.5,35.5,35.5,marginalpdbc_20260406.1,1
570,2026-04-06 22:30:00,2026-04-06,91,15,36.0,36.0,36.0,marginalpdbc_20260406.1,1
571,2026-04-06 22:45:00,2026-04-06,92,15,35.02,35.02,35.02,marginalpdbc_20260406.1,1
572,2026-04-06 23:00:00,2026-04-06,93,15,35.5,35.5,35.5,marginalpdbc_20260406.1,1
573,2026-04-06 23:15:00,2026-04-06,94,15,35.01,35.01,35.01,marginalpdbc_20260406.1,1
574,2026-04-06 23:30:00,2026-04-06,95,15,35.01,35.01,35.01,marginalpdbc_20260406.1,1
575,2026-04-06 23:45:00,2026-04-06,96,15,35.0,35.0,35.0,marginalpdbc_20260406.1,1
576,2026-04-07 00:00:00,2026-04-07,1,15,35.01,35.01,35.01,marginalpdbc_20260407.1,1
577,2026-04-07 00:15:00,2026-04-07,2,15,35.01,35.01,35.01,marginalpdbc_20260407.1,1
578,2026-04-07 00:30:00,2026-04-07,3,15,35.0,35.0,35.0,marginalpdbc_20260407.1,1
579,2026-04-07 00:45:00,2026-04-07,4,15,23.9,23.9,23.9,marginalpdbc_20260407.1,1
580,2026-04-07 01:00:00,2026-04-07,5,15,31.83,31.83,31.83,marginalpdbc_20260407.1,1
581,2026-04-07 01:15:00,2026-04-07,6,15,31.0,31.0,31.0,marginalpdbc_20260407.1,1
582,2026-04-07 01:30:00,2026-04-07,7,15,30.0,30.0,30.0,marginalpdbc_20260407.1,1
583,2026-04-07 01:45:00,2026-04-07,8,15,23.89,23.89,23.89,marginalpdbc_20260407.1,1
584,2026-04-07 02:00:00,2026-04-07,9,15,23.9,23.9,23.9,marginalpdbc_20260407.1,1
585,2026-04-07 02:15:00,2026-04-07,10,15,23.64,23.64,23.64,marginalpdbc_20260407.1,1
586,2026-04-07 02:30:00,2026-04-07,11,15,23.43,23.43,23.43,marginalpdbc_20260407.1,1
587,2026-04-07 02:45:00,2026-04-07,12,15,23.25,23.25,23.25,marginalpdbc_20260407.1,1
588,2026-04-07 03:00:00,2026-04-07,13,15,23.25,23.25,23.25,marginalpdbc_20260407.1,1
589,2026-04-07 03:15:00,2026-04-07,14,15,23.12,23.12,23.12,marginalpdbc_20260407.1,1
590,2026-04-07 03:30:00,2026-04-07,15,15,20.89,20.89,20.89,marginalpdbc_20260407.1,1
591,2026-04-07 03:45:00,2026-04-07,16,15,23.12,23.12,23.12,marginalpdbc_20260407.1,1
592,2026-04-07 04:00:00,2026-04-07,17,15,23.25,23.25,23.25,marginalpdbc_20260407.1,1
593,2026-04-07 04:15:00,2026-04-07,18,15,23.38,23.38,23.38,marginalpdbc_20260407.1,1
594,2026-04-07 04:30:00,2026-04-07,19,15,23.43,23.43,23.43,marginalpdbc_20260407.1,1
595,2026-04-07 04:45:00,2026-04-07,20,15,23.64,23.64,23.64,marginalpdbc_20260407.1,1
596,2026-04-07 05:00:00,2026-04-07,21,15,23.9,23.9,23.9,marginalpdbc_20260407.1,1
597,2026-04-07 05:15:00,2026-04-07,22,15,29.67,29.67,29.67,marginalpdbc_20260407.1,1
598,2026-04-07 05:30:00,2026-04-07,23,15,35.0,35.0,35.0,marginalpdbc_20260407.1,1
599,2026-04-07 05:45:00,2026-04-07,24,15,35.0,35.0,35.0,marginalpdbc_20260407.1,1
600,2026-04-07 06:00:00,2026-04-07,25,15,35.3,35.3,35.3,marginalpdbc_20260407.1,1
601,2026-04-07 06:15:00,2026-04-07,26,15,36.68,36.68,36.68,marginalpdbc_20260407.1,1
602,2026-04-07 06:30:00,2026-04-07,27,15,37.26,48.0,48.0,marginalpdbc_20260407.1,1
603,2026-04-07 06:45:00,2026-04-07,28,15,38.26,51.5,51.5,marginalpdbc_20260407.1,1
604,2026-04-07 07:00:00,2026-04-07,29,15,36.68,51.05,51.05,marginalpdbc_20260407.1,1
605,2026-04-07 07:15:00,2026-04-07,30,15,38.26,62.51,62.51,marginalpdbc_20260407.1,1
606,2026-04-07 07:30:00,2026-04-07,31,15,38.26,66.0,66.0,marginalpdbc_20260407.1,1
607,2026-04-07 07:45:00,2026-04-07,32,15,39.84,74.52,74.52,marginalpdbc_20260407.1,1
608,2026-04-07 08:00:00,2026-04-07,33,15,41.07,50.2,50.2,marginalpdbc_20260407.1,1
609,2026-04-07 08:15:00,2026-04-07,34,15,38.26,38.26,38.26,marginalpdbc_20260407.1,1
610,2026-04-07 08:30:00,2026-04-07,35,15,35.1,35.1,35.1,marginalpdbc_20260407.1,1
611,2026-04-07 08:45:00,2026-04-07,36,15,35.01,35.01,35.01,marginalpdbc_20260407.1,1
612,2026-04-07 09:00:00,2026-04-07,37,15,35.54,35.54,35.54,marginalpdbc_20260407.1,1
613,2026-04-07 09:15:00,2026-04-07,38,15,35.01,35.01,35.01,marginalpdbc_20260407.1,1
614,2026-04-07 09:30:00,2026-04-07,39,15,35.0,35.0,35.0,marginalpdbc_20260407.1,1
615,2026-04-07 09:45:00,2026-04-07,40,15,11.98,11.98,11.98,marginalpdbc_20260407.1,1
616,2026-04-07 10:00:00,2026-04-07,41,15,10.81,10.81,10.81,marginalpdbc_20260407.1,1
617,2026-04-07 10:15:00,2026-04-07,42,15,5.81,5.81,5.81,marginalpdbc_20260407.1,1
618,2026-04-07 10:30:00,2026-04-07,43,15,3.08,3.08,3.08,marginalpdbc_20260407.1,1
619,2026-04-07 10:45:00,2026-04-07,44,15,1.5,1.5,1.5,marginalpdbc_20260407.1,1
620,2026-04-07 11:00:00,2026-04-07,45,15,1.06,1.06,1.06,marginalpdbc_20260407.1,1
621,2026-04-07 11:15:00,2026-04-07,46,15,0.84,0.84,0.84,marginalpdbc_20260407.1,1
622,2026-04-07 11:30:00,2026-04-07,47,15,0.84,0.84,0.84,marginalpdbc_20260407.1,1
623,2026-04-07 11:45:00,2026-04-07,48,15,0.01,0.01,0.01,marginalpdbc_20260407.1,1
624,2026-04-07 12:00:00,2026-04-07,49,15,0.0,0.0,0.0,marginalpdbc_20260407.1,1
625,2026-04-07 12:15:00,2026-04-07,50,15,0.0,0.0,0.0,marginalpdbc_20260407.1,1
626,2026-04-07 12:30:00,2026-04-07,51,15,0.0,0.0,0.0,marginalpdbc_20260407.1,1
627,2026-04-07 12:45:00,2026-04-07,52,15,0.0,0.0,0.0,marginalpdbc_20260407.1,1
628,2026-04-07 13:00:00,2026-04-07,53,15,0.0,0.0,0.0,marginalpdbc_20260407.1,1
629,2026-04-07 13:15:00,2026-04-07,54,15,0.0,0.0,0.0,marginalpdbc_20260407.1,1
630,2026-04-07 13:30:00,2026-04-07,55,15,0.0,0.0,0.0,marginalpdbc_20260407.1,1
631,2026-04-07 13:45:00,2026-04-07,56,15,0.0,0.0,0.0,marginalpdbc_20260407.1,1
632,2026-04-07 14:00:00,2026-04-07,57,15,0.0,0.0,0.0,marginalpdbc_20260407.1,1
633,2026-04-07 14:15:00,2026-04-07,58,15,0.0,0.0,0.0,marginalpdbc_20260407.1,1
634,2026-04-07 14:30:00,2026-04-07,59,15,0.0,0.0,0.0,marginalpdbc_20260407.1,1
635,2026-04-07 14:45:00,2026-04-07,60,15,0.0,0.0,0.0,marginalpdbc_20260407.1,1
636,2026-04-07 15:00:00,2026-04-07,61,15,0.0,0.0,0.0,marginalpdbc_20260407.1,1
637,2026-04-07 15:15:00,2026-04-07,62,15,0.0,0.0,0.0,marginalpdbc_20260407.1,1
638,2026-04-07 15:30:00,2026-04-07,63,15,0.0,0.0,0.0,marginalpdbc_20260407.1,1
639,2026-04-07 15:45:00,2026-04-07,64,15,0.0,0.0,0.0,marginalpdbc_20260407.1,1
640,2026-04-07 16:00:00,2026-04-07,65,15,0.0,0.0,0.0,marginalpdbc_20260407.1,1
641,2026-04-07 16:15:00,2026-04-07,66,15,0.0,0.0,0.0,marginalpdbc_20260407.1,1
642,2026-04-07 16:30:00,2026-04-07,67,15,0.01,0.01,0.01,marginalpdbc_20260407.1,1
643,2026-04-07 16:45:00,2026-04-07,68,15,1.1,1.1,1.1,marginalpdbc_20260407.1,1
644,2026-04-07 17:00:00,2026-04-07,69,15,1.0,1.0,1.0,marginalpdbc_20260407.1,1
645,2026-04-07 17:15:00,2026-04-07,70,15,2.88,2.88,2.88,marginalpdbc_20260407.1,1
646,2026-04-07 17:30:00,2026-04-07,71,15,5.41,5.41,5.41,marginalpdbc_20260407.1,1
647,2026-04-07 17:45:00,2026-04-07,72,15,5.91,5.91,5.91,marginalpdbc_20260407.1,1
648,2026-04-07 18:00:00,2026-04-07,73,15,8.37,8.37,8.37,marginalpdbc_20260407.1,1
649,2026-04-07 18:15:00,2026-04-07,74,15,23.9,23.9,23.9,marginalpdbc_20260407.1,1
650,2026-04-07 18:30:00,2026-04-07,75,15,35.02,35.02,35.02,marginalpdbc_20260407.1,1
651,2026-04-07 18:45:00,2026-04-07,76,15,39.84,39.84,39.84,marginalpdbc_20260407.1,1
652,2026-04-07 19:00:00,2026-04-07,77,15,35.02,35.02,35.02,marginalpdbc_20260407.1,1
653,2026-04-07 19:15:00,2026-04-07,78,15,39.84,39.84,39.84,marginalpdbc_20260407.1,1
654,2026-04-07 19:30:00,2026-04-07,79,15,51.06,51.06,51.06,marginalpdbc_20260407.1,1
655,2026-04-07 19:45:00,2026-04-07,80,15,77.04,77.04,77.04,marginalpdbc_20260407.1,1
656,2026-04-07 20:00:00,2026-04-07,81,15,77.52,77.52,77.52,marginalpdbc_20260407.1,1
657,2026-04-07 20:15:00,2026-04-07,82,15,90.01,90.01,90.01,marginalpdbc_20260407.1,1
658,2026-04-07 20:30:00,2026-04-07,83,15,95.0,95.0,95.0,marginalpdbc_20260407.1,1
659,2026-04-07 20:45:00,2026-04-07,84,15,104.1,104.1,104.1,marginalpdbc_20260407.1,1
660,2026-04-07 21:00:00,2026-04-07,85,15,122.16,122.16,122.16,marginalpdbc_20260407.1,1
661,2026-04-07 21:15:00,2026-04-07,86,15,135.0,135.0,135.0,marginalpdbc_20260407.1,1
662,2026-04-07 21:30:00,2026-04-07,87,15,120.4,120.4,120.4,marginalpdbc_20260407.1,1
663,2026-04-07 21:45:00,2026-04-07,88,15,95.0,95.0,95.0,marginalpdbc_20260407.1,1
664,2026-04-07 22:00:00,2026-04-07,89,15,93.0,93.0,93.0,marginalpdbc_20260407.1,1
665,2026-04-07 22:15:00,2026-04-07,90,15,88.95,88.95,88.95,marginalpdbc_20260407.1,1
666,2026-04-07 22:30:00,2026-04-07,91,15,90.01,90.01,90.01,marginalpdbc_20260407.1,1
667,2026-04-07 22:45:00,2026-04-07,92,15,85.0,85.0,85.0,marginalpdbc_20260407.1,1
668,2026-04-07 23:00:00,2026-04-07,93,15,85.01,85.01,85.01,marginalpdbc_20260407.1,1
669,2026-04-07 23:15:00,2026-04-07,94,15,79.02,79.02,79.02,marginalpdbc_20260407.1,1
670,2026-04-07 23:30:00,2026-04-07,95,15,79.36,79.36,79.36,marginalpdbc_20260407.1,1
671,2026-04-07 23:45:00,2026-04-07,96,15,74.52,74.52,74.52,marginalpdbc_20260407.1,1
672,2026-04-08 00:00:00,2026-04-08,1,15,83.91,83.91,83.91,marginalpdbc_20260408.1,1
673,2026-04-08 00:15:00,2026-04-08,2,15,75.7,75.7,75.7,marginalpdbc_20260408.1,1
674,2026-04-08 00:30:00,2026-04-08,3,15,62.47,62.47,62.47,marginalpdbc_20260408.1,1
675,2026-04-08 00:45:00,2026-04-08,4,15,59.5,59.5,59.5,marginalpdbc_20260408.1,1
676,2026-04-08 01:00:00,2026-04-08,5,15,61.0,61.0,61.0,marginalpdbc_20260408.1,1
677,2026-04-08 01:15:00,2026-04-08,6,15,60.49,60.49,60.49,marginalpdbc_20260408.1,1
678,2026-04-08 01:30:00,2026-04-08,7,15,62.01,62.01,62.01,marginalpdbc_20260408.1,1
679,2026-04-08 01:45:00,2026-04-08,8,15,59.3,59.3,59.3,marginalpdbc_20260408.1,1
680,2026-04-08 02:00:00,2026-04-08,9,15,65.14,65.14,65.14,marginalpdbc_20260408.1,1
681,2026-04-08 02:15:00,2026-04-08,10,15,62.34,62.34,62.34,marginalpdbc_20260408.1,1
682,2026-04-08 02:30:00,2026-04-08,11,15,59.5,59.5,59.5,marginalpdbc_20260408.1,1
683,2026-04-08 02:45:00,2026-04-08,12,15,58.78,58.78,58.78,marginalpdbc_20260408.1,1
684,2026-04-08 03:00:00,2026-04-08,13,15,58.78,58.78,58.78,marginalpdbc_20260408.1,1
685,2026-04-08 03:15:00,2026-04-08,14,15,59.02,59.02,59.02,marginalpdbc_20260408.1,1
686,2026-04-08 03:30:00,2026-04-08,15,15,59.02,59.02,59.02,marginalpdbc_20260408.1,1
687,2026-04-08 03:45:00,2026-04-08,16,15,59.02,59.02,59.02,marginalpdbc_20260408.1,1
688,2026-04-08 04:00:00,2026-04-08,17,15,59.26,59.26,59.26,marginalpdbc_20260408.1,1
689,2026-04-08 04:15:00,2026-04-08,18,15,59.26,59.26,59.26,marginalpdbc_20260408.1,1
690,2026-04-08 04:30:00,2026-04-08,19,15,59.26,59.26,59.26,marginalpdbc_20260408.1,1
691,2026-04-08 04:45:00,2026-04-08,20,15,59.5,59.5,59.5,marginalpdbc_20260408.1,1
692,2026-04-08 05:00:00,2026-04-08,21,15,58.78,58.78,58.78,marginalpdbc_20260408.1,1
693,2026-04-08 05:15:00,2026-04-08,22,15,59.02,59.02,59.02,marginalpdbc_20260408.1,1
694,2026-04-08 05:30:00,2026-04-08,23,15,61.76,61.76,61.76,marginalpdbc_20260408.1,1
695,2026-04-08 05:45:00,2026-04-08,24,15,73.69,73.69,73.69,marginalpdbc_20260408.1,1
696,2026-04-08 06:00:00,2026-04-08,25,15,75.0,75.0,75.0,marginalpdbc_20260408.1,1
697,2026-04-08 06:15:00,2026-04-08,26,15,82.08,82.08,82.08,marginalpdbc_20260408.1,1
698,2026-04-08 06:30:00,2026-04-08,27,15,88.5,88.5,88.5,marginalpdbc_20260408.1,1
699,2026-04-08 06:45:00,2026-04-08,28,15,94.22,94.22,94.22,marginalpdbc_20260408.1,1
700,2026-04-08 07:00:00,2026-04-08,29,15,99.51,99.51,99.51,marginalpdbc_20260408.1,1
701,2026-04-08 07:15:00,2026-04-08,30,15,101.52,101.52,101.52,marginalpdbc_20260408.1,1
702,2026-04-08 07:30:00,2026-04-08,31,15,115.5,115.5,115.5,marginalpdbc_20260408.1,1
703,2026-04-08 07:45:00,2026-04-08,32,15,120.0,120.0,120.0,marginalpdbc_20260408.1,1
704,2026-04-08 08:00:00,2026-04-08,33,15,137.59,148.5,148.5,marginalpdbc_20260408.1,1
705,2026-04-08 08:15:00,2026-04-08,34,15,131.54,131.54,131.54,marginalpdbc_20260408.1,1
706,2026-04-08 08:30:00,2026-04-08,35,15,116.34,116.34,116.34,marginalpdbc_20260408.1,1
707,2026-04-08 08:45:00,2026-04-08,36,15,99.63,99.63,99.63,marginalpdbc_20260408.1,1
708,2026-04-08 09:00:00,2026-04-08,37,15,99.51,99.51,99.51,marginalpdbc_20260408.1,1
709,2026-04-08 09:15:00,2026-04-08,38,15,93.0,93.0,93.0,marginalpdbc_20260408.1,1
710,2026-04-08 09:30:00,2026-04-08,39,15,85.01,85.01,85.01,marginalpdbc_20260408.1,1
711,2026-04-08 09:45:00,2026-04-08,40,15,66.18,66.18,66.18,marginalpdbc_20260408.1,1
712,2026-04-08 10:00:00,2026-04-08,41,15,64.99,64.99,64.99,marginalpdbc_20260408.1,1
713,2026-04-08 10:15:00,2026-04-08,42,15,56.84,56.84,56.84,marginalpdbc_20260408.1,1
714,2026-04-08 10:30:00,2026-04-08,43,15,53.7,53.7,53.7,marginalpdbc_20260408.1,1
715,2026-04-08 10:45:00,2026-04-08,44,15,50.0,50.0,50.0,marginalpdbc_20260408.1,1
716,2026-04-08 11:00:00,2026-04-08,45,15,35.0,35.0,35.0,marginalpdbc_20260408.1,1
717,2026-04-08 11:15:00,2026-04-08,46,15,28.68,28.68,28.68,marginalpdbc_20260408.1,1
718,2026-04-08 11:30:00,2026-04-08,47,15,26.64,26.64,26.64,marginalpdbc_20260408.1,1
719,2026-04-08 11:45:00,2026-04-08,48,15,26.12,26.12,26.12,marginalpdbc_20260408.1,1
720,2026-04-08 12:00:00,2026-04-08,49,15,21.0,21.0,21.0,marginalpdbc_20260408.1,1
721,2026-04-08 12:15:00,2026-04-08,50,15,13.95,13.95,13.95,marginalpdbc_20260408.1,1
722,2026-04-08 12:30:00,2026-04-08,51,15,8.44,8.44,8.44,marginalpdbc_20260408.1,1
723,2026-04-08 12:45:00,2026-04-08,52,15,7.17,7.17,7.17,marginalpdbc_20260408.1,1
724,2026-04-08 13:00:00,2026-04-08,53,15,5.41,5.41,5.41,marginalpdbc_20260408.1,1
725,2026-04-08 13:15:00,2026-04-08,54,15,5.41,5.41,5.41,marginalpdbc_20260408.1,1
726,2026-04-08 13:30:00,2026-04-08,55,15,3.87,3.87,3.87,marginalpdbc_20260408.1,1
727,2026-04-08 13:45:00,2026-04-08,56,15,3.08,3.08,3.08,marginalpdbc_20260408.1,1
728,2026-04-08 14:00:00,2026-04-08,57,15,3.08,3.08,3.08,marginalpdbc_20260408.1,1
729,2026-04-08 14:15:00,2026-04-08,58,15,3.01,3.01,3.01,marginalpdbc_20260408.1,1
730,2026-04-08 14:30:00,2026-04-08,59,15,3.01,3.01,3.01,marginalpdbc_20260408.1,1
731,2026-04-08 14:45:00,2026-04-08,60,15,3.0,3.0,3.0,marginalpdbc_20260408.1,1
732,2026-04-08 15:00:00,2026-04-08,61,15,2.2,2.2,2.2,marginalpdbc_20260408.1,1
733,2026-04-08 15:15:00,2026-04-08,62,15,2.09,2.09,2.09,marginalpdbc_20260408.1,1
734,2026-04-08 15:30:00,2026-04-08,63,15,2.09,2.09,2.09,marginalpdbc_20260408.1,1
735,2026-04-08 15:45:00,2026-04-08,64,15,2.09,2.09,2.09,marginalpdbc_20260408.1,1
736,2026-04-08 16:00:00,2026-04-08,65,15,2.0,2.0,2.0,marginalpdbc_20260408.1,1
737,2026-04-08 16:15:00,2026-04-08,66,15,2.49,2.49,2.49,marginalpdbc_20260408.1,1
738,2026-04-08 16:30:00,2026-04-08,67,15,3.01,3.01,3.01,marginalpdbc_20260408.1,1
739,2026-04-08 16:45:00,2026-04-08,68,15,5.41,5.41,5.41,marginalpdbc_20260408.1,1
740,2026-04-08 17:00:00,2026-04-08,69,15,5.41,5.41,5.41,marginalpdbc_20260408.1,1
741,2026-04-08 17:15:00,2026-04-08,70,15,7.28,7.28,7.28,marginalpdbc_20260408.1,1
742,2026-04-08 17:30:00,2026-04-08,71,15,17.13,17.13,17.13,marginalpdbc_20260408.1,1
743,2026-04-08 17:45:00,2026-04-08,72,15,26.33,26.33,26.33,marginalpdbc_20260408.1,1
744,2026-04-08 18:00:00,2026-04-08,73,15,26.51,26.51,26.51,marginalpdbc_20260408.1,1
745,2026-04-08 18:15:00,2026-04-08,74,15,41.52,41.52,41.52,marginalpdbc_20260408.1,1
746,2026-04-08 18:30:00,2026-04-08,75,15,53.7,53.7,53.7,marginalpdbc_20260408.1,1
747,2026-04-08 18:45:00,2026-04-08,76,15,66.17,66.17,66.17,marginalpdbc_20260408.1,1
748,2026-04-08 19:00:00,2026-04-08,77,15,59.26,59.26,59.26,marginalpdbc_20260408.1,1
749,2026-04-08 19:15:00,2026-04-08,78,15,82.08,82.08,82.08,marginalpdbc_20260408.1,1
750,2026-04-08 19:30:00,2026-04-08,79,15,99.51,101.52,101.52,marginalpdbc_20260408.1,1
751,2026-04-08 19:45:00,2026-04-08,80,15,101.01,120.9,120.9,marginalpdbc_20260408.1,1
752,2026-04-08 20:00:00,2026-04-08,81,15,99.51,105.0,105.0,marginalpdbc_20260408.1,1
753,2026-04-08 20:15:00,2026-04-08,82,15,101.01,134.82,134.82,marginalpdbc_20260408.1,1
754,2026-04-08 20:30:00,2026-04-08,83,15,119.15,141.22,141.22,marginalpdbc_20260408.1,1
755,2026-04-08 20:45:00,2026-04-08,84,15,135.95,135.95,135.95,marginalpdbc_20260408.1,1
756,2026-04-08 21:00:00,2026-04-08,85,15,137.61,153.81,153.81,marginalpdbc_20260408.1,1
757,2026-04-08 21:15:00,2026-04-08,86,15,137.61,141.7,141.7,marginalpdbc_20260408.1,1
758,2026-04-08 21:30:00,2026-04-08,87,15,134.82,134.82,134.82,marginalpdbc_20260408.1,1
759,2026-04-08 21:45:00,2026-04-08,88,15,115.03,115.03,115.03,marginalpdbc_20260408.1,1
760,2026-04-08 22:00:00,2026-04-08,89,15,124.14,124.14,124.14,marginalpdbc_20260408.1,1
761,2026-04-08 22:15:00,2026-04-08,90,15,107.98,107.98,107.98,marginalpdbc_20260408.1,1
762,2026-04-08 22:30:00,2026-04-08,91,15,121.7,121.7,121.7,marginalpdbc_20260408.1,1
763,2026-04-08 22:45:00,2026-04-08,92,15,103.02,103.02,103.02,marginalpdbc_20260408.1,1
764,2026-04-08 23:00:00,2026-04-08,93,15,103.02,103.02,103.02,marginalpdbc_20260408.1,1
765,2026-04-08 23:15:00,2026-04-08,94,15,99.0,99.0,99.0,marginalpdbc_20260408.1,1
766,2026-04-08 23:30:00,2026-04-08,95,15,98.51,98.51,98.51,marginalpdbc_20260408.1,1
767,2026-04-08 23:45:00,2026-04-08,96,15,83.91,83.91,83.91,marginalpdbc_20260408.1,1
768,2026-04-09 00:00:00,2026-04-09,1,15,105.7,105.7,105.7,marginalpdbc_20260409.1,1
769,2026-04-09 00:15:00,2026-04-09,2,15,98.7,98.7,98.7,marginalpdbc_20260409.1,1
770,2026-04-09 00:30:00,2026-04-09,3,15,90.75,90.75,90.75,marginalpdbc_20260409.1,1
771,2026-04-09 00:45:00,2026-04-09,4,15,85.28,85.28,85.28,marginalpdbc_20260409.1,1
772,2026-04-09 01:00:00,2026-04-09,5,15,96.2,96.2,96.2,marginalpdbc_20260409.1,1
773,2026-04-09 01:15:00,2026-04-09,6,15,90.75,90.75,90.75,marginalpdbc_20260409.1,1
774,2026-04-09 01:30:00,2026-04-09,7,15,90.01,90.01,90.01,marginalpdbc_20260409.1,1
775,2026-04-09 01:45:00,2026-04-09,8,15,86.2,86.2,86.2,marginalpdbc_20260409.1,1
776,2026-04-09 02:00:00,2026-04-09,9,15,86.0,86.0,86.0,marginalpdbc_20260409.1,1
777,2026-04-09 02:15:00,2026-04-09,10,15,82.0,82.0,82.0,marginalpdbc_20260409.1,1
778,2026-04-09 02:30:00,2026-04-09,11,15,80.75,80.75,80.75,marginalpdbc_20260409.1,1
779,2026-04-09 02:45:00,2026-04-09,12,15,74.0,74.0,74.0,marginalpdbc_20260409.1,1
780,2026-04-09 03:00:00,2026-04-09,13,15,79.5,79.5,79.5,marginalpdbc_20260409.1,1
781,2026-04-09 03:15:00,2026-04-09,14,15,75.71,75.71,75.71,marginalpdbc_20260409.1,1
782,2026-04-09 03:30:00,2026-04-09,15,15,74.53,74.53,74.53,marginalpdbc_20260409.1,1
783,2026-04-09 03:45:00,2026-04-09,16,15,74.0,74.0,74.0,marginalpdbc_20260409.1,1
784,2026-04-09 04:00:00,2026-04-09,17,15,74.0,74.0,74.0,marginalpdbc_20260409.1,1
785,2026-04-09 04:15:00,2026-04-09,18,15,73.9,73.9,73.9,marginalpdbc_20260409.1,1
786,2026-04-09 04:30:00,2026-04-09,19,15,74.26,74.26,74.26,marginalpdbc_20260409.1,1
787,2026-04-09 04:45:00,2026-04-09,20,15,74.53,74.53,74.53,marginalpdbc_20260409.1,1
788,2026-04-09 05:00:00,2026-04-09,21,15,69.69,69.69,69.69,marginalpdbc_20260409.1,1
789,2026-04-09 05:15:00,2026-04-09,22,15,72.23,72.23,72.23,marginalpdbc_20260409.1,1
790,2026-04-09 05:30:00,2026-04-09,23,15,80.75,80.75,80.75,marginalpdbc_20260409.1,1
791,2026-04-09 05:45:00,2026-04-09,24,15,82.0,82.0,82.0,marginalpdbc_20260409.1,1
792,2026-04-09 06:00:00,2026-04-09,25,15,83.17,83.17,83.17,marginalpdbc_20260409.1,1
793,2026-04-09 06:15:00,2026-04-09,26,15,90.75,90.75,90.75,marginalpdbc_20260409.1,1
794,2026-04-09 06:30:00,2026-04-09,27,15,97.2,97.2,97.2,marginalpdbc_20260409.1,1
795,2026-04-09 06:45:00,2026-04-09,28,15,102.63,102.63,102.63,marginalpdbc_20260409.1,1
796,2026-04-09 07:00:00,2026-04-09,29,15,106.2,123.25,123.25,marginalpdbc_20260409.1,1
797,2026-04-09 07:15:00,2026-04-09,30,15,107.2,127.17,127.17,marginalpdbc_20260409.1,1
798,2026-04-09 07:30:00,2026-04-09,31,15,107.2,139.44,139.44,marginalpdbc_20260409.1,1
799,2026-04-09 07:45:00,2026-04-09,32,15,109.05,128.93,128.93,marginalpdbc_20260409.1,1
800,2026-04-09 08:00:00,2026-04-09,33,15,111.0,111.0,111.0,marginalpdbc_20260409.1,1
801,2026-04-09 08:15:00,2026-04-09,34,15,103.0,103.0,103.0,marginalpdbc_20260409.1,1
802,2026-04-09 08:30:00,2026-04-09,35,15,97.07,97.07,97.07,marginalpdbc_20260409.1,1
803,2026-04-09 08:45:00,2026-04-09,36,15,86.2,86.2,86.2,marginalpdbc_20260409.1,1
804,2026-04-09 09:00:00,2026-04-09,37,15,96.78,96.78,96.78,marginalpdbc_20260409.1,1
805,2026-04-09 09:15:00,2026-04-09,38,15,81.33,81.33,81.33,marginalpdbc_20260409.1,1
806,2026-04-09 09:30:00,2026-04-09,39,15,67.68,67.68,67.68,marginalpdbc_20260409.1,1
807,2026-04-09 09:45:00,2026-04-09,40,15,50.02,50.02,50.02,marginalpdbc_20260409.1,1
808,2026-04-09 10:00:00,2026-04-09,41,15,54.7,54.7,54.7,marginalpdbc_20260409.1,1
809,2026-04-09 10:15:00,2026-04-09,42,15,33.9,33.9,33.9,marginalpdbc_20260409.1,1
810,2026-04-09 10:30:00,2026-04-09,43,15,11.68,11.68,11.68,marginalpdbc_20260409.1,1
811,2026-04-09 10:45:00,2026-04-09,44,15,2.5,2.5,2.5,marginalpdbc_20260409.1,1
812,2026-04-09 11:00:00,2026-04-09,45,15,2.09,2.09,2.09,marginalpdbc_20260409.1,1
813,2026-04-09 11:15:00,2026-04-09,46,15,0.84,0.84,0.84,marginalpdbc_20260409.1,1
814,2026-04-09 11:30:00,2026-04-09,47,15,0.01,0.01,0.01,marginalpdbc_20260409.1,1
815,2026-04-09 11:45:00,2026-04-09,48,15,0.0,0.0,0.0,marginalpdbc_20260409.1,1
816,2026-04-09 12:00:00,2026-04-09,49,15,0.0,0.0,0.0,marginalpdbc_20260409.1,1
817,2026-04-09 12:15:00,2026-04-09,50,15,0.0,0.0,0.0,marginalpdbc_20260409.1,1
818,2026-04-09 12:30:00,2026-04-09,51,15,-0.01,-0.01,-0.01,marginalpdbc_20260409.1,1
819,2026-04-09 12:45:00,2026-04-09,52,15,-0.25,-0.25,-0.25,marginalpdbc_20260409.1,1
820,2026-04-09 13:00:00,2026-04-09,53,15,-0.5,-0.5,-0.5,marginalpdbc_20260409.1,1
821,2026-04-09 13:15:00,2026-04-09,54,15,-0.6,-0.6,-0.6,marginalpdbc_20260409.1,1
822,2026-04-09 13:30:00,2026-04-09,55,15,-0.6,-0.6,-0.6,marginalpdbc_20260409.1,1
823,2026-04-09 13:45:00,2026-04-09,56,15,-0.81,-0.81,-0.81,marginalpdbc_20260409.1,1
824,2026-04-09 14:00:00,2026-04-09,57,15,-0.82,-0.82,-0.82,marginalpdbc_20260409.1,1
825,2026-04-09 14:15:00,2026-04-09,58,15,-0.82,-0.82,-0.82,marginalpdbc_20260409.1,1
826,2026-04-09 14:30:00,2026-04-09,59,15,-0.82,-0.82,-0.82,marginalpdbc_20260409.1,1
827,2026-04-09 14:45:00,2026-04-09,60,15,-0.82,-0.82,-0.82,marginalpdbc_20260409.1,1
828,2026-04-09 15:00:00,2026-04-09,61,15,-1.0,-1.0,-1.0,marginalpdbc_20260409.1,1
829,2026-04-09 15:15:00,2026-04-09,62,15,-1.0,-1.0,-1.0,marginalpdbc_20260409.1,1
830,2026-04-09 15:30:00,2026-04-09,63,15,-0.82,-0.82,-0.82,marginalpdbc_20260409.1,1
831,2026-04-09 15:45:00,2026-04-09,64,15,-0.57,-0.57,-0.57,marginalpdbc_20260409.1,1
832,2026-04-09 16:00:00,2026-04-09,65,15,-0.5,-0.5,-0.5,marginalpdbc_20260409.1,1
833,2026-04-09 16:15:00,2026-04-09,66,15,-0.3,-0.3,-0.3,marginalpdbc_20260409.1,1
834,2026-04-09 16:30:00,2026-04-09,67,15,-0.02,-0.02,-0.02,marginalpdbc_20260409.1,1
835,2026-04-09 16:45:00,2026-04-09,68,15,-0.01,-0.01,-0.01,marginalpdbc_20260409.1,1
836,2026-04-09 17:00:00,2026-04-09,69,15,-0.01,-0.01,-0.01,marginalpdbc_20260409.1,1
837,2026-04-09 17:15:00,2026-04-09,70,15,-0.01,-0.01,-0.01,marginalpdbc_20260409.1,1
838,2026-04-09 17:30:00,2026-04-09,71,15,0.0,0.0,0.0,marginalpdbc_20260409.1,1
839,2026-04-09 17:45:00,2026-04-09,72,15,0.01,0.01,0.01,marginalpdbc_20260409.1,1
840,2026-04-09 18:00:00,2026-04-09,73,15,0.84,0.84,0.84,marginalpdbc_20260409.1,1
841,2026-04-09 18:15:00,2026-04-09,74,15,3.0,3.0,3.0,marginalpdbc_20260409.1,1
842,2026-04-09 18:30:00,2026-04-09,75,15,11.1,11.1,11.1,marginalpdbc_20260409.1,1
843,2026-04-09 18:45:00,2026-04-09,76,15,33.25,33.25,33.25,marginalpdbc_20260409.1,1
844,2026-04-09 19:00:00,2026-04-09,77,15,33.51,33.51,33.51,marginalpdbc_20260409.1,1
845,2026-04-09 19:15:00,2026-04-09,78,15,51.05,51.05,51.05,marginalpdbc_20260409.1,1
846,2026-04-09 19:30:00,2026-04-09,79,15,66.54,66.54,66.54,marginalpdbc_20260409.1,1
847,2026-04-09 19:45:00,2026-04-09,80,15,80.75,80.75,80.75,marginalpdbc_20260409.1,1
848,2026-04-09 20:00:00,2026-04-09,81,15,69.03,69.03,69.03,marginalpdbc_20260409.1,1
849,2026-04-09 20:15:00,2026-04-09,82,15,80.0,80.0,80.0,marginalpdbc_20260409.1,1
850,2026-04-09 20:30:00,2026-04-09,83,15,80.75,80.75,80.75,marginalpdbc_20260409.1,1
851,2026-04-09 20:45:00,2026-04-09,84,15,82.21,82.21,82.21,marginalpdbc_20260409.1,1
852,2026-04-09 21:00:00,2026-04-09,85,15,85.0,85.0,85.0,marginalpdbc_20260409.1,1
853,2026-04-09 21:15:00,2026-04-09,86,15,86.2,86.2,86.2,marginalpdbc_20260409.1,1
854,2026-04-09 21:30:00,2026-04-09,87,15,83.55,83.55,83.55,marginalpdbc_20260409.1,1
855,2026-04-09 21:45:00,2026-04-09,88,15,80.75,80.75,80.75,marginalpdbc_20260409.1,1
856,2026-04-09 22:00:00,2026-04-09,89,15,74.51,74.51,74.51,marginalpdbc_20260409.1,1
857,2026-04-09 22:15:00,2026-04-09,90,15,69.26,69.26,69.26,marginalpdbc_20260409.1,1
858,2026-04-09 22:30:00,2026-04-09,91,15,67.68,67.68,67.68,marginalpdbc_20260409.1,1
859,2026-04-09 22:45:00,2026-04-09,92,15,66.78,66.78,66.78,marginalpdbc_20260409.1,1
860,2026-04-09 23:00:00,2026-04-09,93,15,67.33,67.33,67.33,marginalpdbc_20260409.1,1
861,2026-04-09 23:15:00,2026-04-09,94,15,65.42,65.42,65.42,marginalpdbc_20260409.1,1
862,2026-04-09 23:30:00,2026-04-09,95,15,62.45,62.45,62.45,marginalpdbc_20260409.1,1
863,2026-04-09 23:45:00,2026-04-09,96,15,53.85,53.85,53.85,marginalpdbc_20260409.1,1
